"user_nickname","content","signature","count_en","count_dg","count_sp","count_zh","count_pu","ads_status","phone_status","kind_words","num_words","LABEL"
"巫教练","恭喜恭喜！","明通驾校一温莎首家华人驾校
电话:519—257—8840",0,10,1,15,3,0,0,3,3,0
"YiF","哦","YiF，没有如果",3,0,0,4,1,1,1,1,1,1
"Jim","面对罪犯挥舞手中的手枪，那个警员冒着危险，冷静处理这事，抓住了罪犯，值得称赞👍 - 这种情况可能可以一枪毙了那个罪犯。但是抓住他更好，可以了解为什么他要这么做","最后让冰溶解的一定是春天",0,0,0,12,0,1,1,0,0,1
"塬","周教练教的好[呲牙]",0,0,0,0,0,0,1,1,0,0,1
"銘銘","提供明天中午去多伦多的carpool",0,0,0,0,0,0,1,1,0,0,0
"爻","没有手枪","Where'd you wanna go?  How much you wanna risk?",35,0,9,0,3,1,1,8,10,1
"Iris,NetShaker,Founder","广告招演员啦～ 会需要一位女性角色和两位男性角色！这次广告将会登上Cineplex，有兴趣的朋友们赶紧报名试镜吧，名额有限！大家可以先关注Food Hwy这个公众号然后点击”Casting Call”就会看到详细信息～ 有问题的朋友可以直接来问我[机智] 。29号会在mississauga试镜，6号会在dt试镜, 5.12号在密西沙加拍摄 时间是6pm-6am ","好友邀请请注明添加理由",0,0,0,11,0,1,1,0,0,0
"每周往返416-357-6965","提供Carpool🚙:

4月26日星期四， 温莎➡多伦多，下午三点离开温莎。

4月29日星期日，多伦多➡温莎，傍晚出发。

宽敞SUV,   可以接送机场。
416-357-6965","潜心练琴。",0,0,0,4,1,1,1,0,0,0
"JamesPeng‰⭕","我是这个广告的co-director，有兴趣的朋友欢迎来试镜[呲牙]有什么问题也可以随时来问我们","Wisdom Chokes You",15,0,2,0,0,1,1,3,3,0
"静水流深",1,0,0,0,0,0,0,1,1,0,0,1
"sub0206-ass0409-dip0413-app0420","@哦• 我咋没收到","<span class=""emoji emoji1f478""></span>🏻",24,4,2,0,9,0,1,4,5,1
"🍄Teemo有毒🍄","今天的嫌疑犯资料可以在FACEBOOK上找到，Alek Minassian，从黎巴嫩来的叙利亚难民：Alek Minassian, is the ""suspect"" who ran over & killed over 10 people and injuring many others. Arrived from Lebanon 6 months ago, devout Muslim, his facebook says from ""Aleppo Syria""。米纳希安昨天下午1时许，驾车狂撞多伦多华裔等亚裔聚集的北约克闹区。前后大约25分钟内，造成10人死亡、15人受伤。警方赶到现场后，米纳希安一度手持类似枪枝的物件与一名警员对峙，但他很快就丢弃手中物件，束手就擒。",0,0,0,0,0,0,1,1,0,0,1
"NgkStudio","提供：周五27号早上六点温莎➡多伦多carpool 周五27号下午四点多伦多➡温莎 ","Make it Right",11,0,2,0,0,1,1,3,3,0
"静静康","@甜心厨房,你这个跟我那房客的情况差不多",0,0,0,0,0,0,1,1,0,0,1
"X.🐋","求个carpool 去taka ","此时你又在滑手机了！？！？手机说: leave me alone.",12,0,3,12,6,1,1,3,3,1
"Terry张及团队-温莎地产国粤语服务","升职了？",0,0,0,0,0,0,1,1,0,0,0
"anna～🇨🇦","@芍 不好意思[害羞]和朋友约了事情 今天在外边 才回来。你的帽子订了，后来商家来邮件说暂时没货，我在帮你一直盯着呢，如果有货接着订[愉快] 刚刚回来又查了一下 好像现在官网上有货啦[胜利]还有其他颜色 我一会儿再登出来供大家选择",0,0,0,0,0,0,1,1,0,0,0
"Jin","2005年尼桑Altima 2.5s +18.5万公里  没毛病  因回国超低价出手，机会难得，有意向请微信联系，价格面议！https://www.kijiji.ca/m-my-ads/active/1",0,0,0,0,0,0,1,1,0,0,0
"Andy多倫多在綫旅遊905-604-8843","神马？ $1含税专享长江三峡高铁奢华系列","古巴旅遊達人",0,0,0,6,0,1,1,0,0,0
"仲夏","罗渣士新春特价高速上网 电视 电话 智能房屋安保监控系统 - MyGoon",0,0,0,0,0,0,1,1,0,0,0
"Allen","提供接送
4月25日周三多伦多→温莎，下午4点
4月28日周六多伦多→温莎，下午4点",0,0,0,0,0,0,1,1,0,0,0
"Lily-旅游达人","🚀

全球招商 [嘴唇] 互联网生意 0投资 0风险，会用微信就可以。💵 赠送加拿大移民机会！✈

http://www.canadaso.com/services/service/2949",0,0,0,0,0,0,1,1,0,0,0
"jliu","想买个fairview mall附近的condo.租出去，各位知道那个地段出租的情况吗？",0,0,0,0,0,0,1,1,0,0,1
"房东网信息","房东网 - 加拿大青年啃老愈演愈烈 全世界都被房价打败 04-24-2018",0,0,0,0,0,0,1,1,0,0,0
"Cynthia","提供30号多伦多回温莎的carpool ",0,0,0,0,0,0,1,1,0,0,0
"SEANWANG","@jliu 可以。找个靠谱经纪帮您参谋。",0,0,0,0,0,0,1,1,0,0,0
"🏎꯭G꯭A꯭G꯭C꯭💨","真聪明 杀人之后丢枪不会被枪毙","我是雷神托尔，为了北方神的荣耀！",0,0,0,14,2,1,1,0,0,1
"Elanie（Yingchun)","Hi",0,0,0,0,0,0,1,1,0,0,1
"加拿大探亲父母俱乐部(2号)","【精选讲座】手把手教您旅游签转学签办理移民，享用更多福利！","加拿大多咨处",0,0,0,6,0,1,1,0,0,0
"周末温莎多伦多往返","提供卡普。                                                          
4月27号，星期五温莎到多伦多，下午出发。                                                    4月29号，星期天多伦多到温莎，下午fairview mall出发，途经Yorkdale。                                               2018年宽敞四驱新SUV，可以接送多伦多机场，时间地点可以相互协商。                                                                      微信或电话短信313-6932889。 ","行者无疆，书华的天空. Motor City, Motor and Man",20,0,5,9,3,1,1,4,5,0
"Amy的珠宝盒","@anna ～🇨🇦 我明天早上送孩子上学回来路上取，7:30可以吗？","我的辣妈生活",0,0,0,6,0,1,1,0,0,0
"易昔","@Amy的珠宝盒 帮我带一下。",0,0,0,0,0,0,1,1,0,0,0
"app406","联邦阶段能查状态吗？","如梦如幻月，若即若离花",0,0,0,10,1,1,1,0,0,0
"Judy-ITRecruiter","#5775 Lead QA contract OLG  North York 1 year contract.  Best rates apply. Communication is the key
please send resume to judy.chencareer@gmail.com or call 6478652985
Its a QA Lead/BA, going into an organization to set up the test environment from scratch.  
Major part of this role will be communication with the business to figure out exactly how 
to set up proper test cases.  
Position Summary: Under the direction of the IT Operations Manager, 
TSG, the Senior Quality Assurance Analyst is responsible 
for developing and establishing quality assurance standards and measures 
for the information technology services within the organization.
This individual will also gather and analyze data in support of business cases, 
proposed projects, and systems requirements. This will include writing test plans and 
scripts for tracking defects and fixes in product development, software application development,
information systems, and operations systems, creating test documentation and 
performing functional, regression, and end-to-end testing on multiple systems. 

","只要活着，就会有好事情发生～",0,0,0,12,2,1,1,0,0,0
"2.11Sub3.22assessed","真好 后悔自己当时晚交了 现在还在ass中 3.23 的",":      )",0,0,6,0,2,1,1,0,0,1
"assessment3.21","我2.11 sub 3.21assess","捧茶观落日 红梅白雪知",0,0,1,10,0,1,1,0,0,1
"Aaron晖","晚不了多少的，心态放好工作学习","~ Live a life with forever love ~ H&amp;Z ~ 西安人在多伦多～",29,0,10,7,6,1,1,9,9,1
"淡白色晨雨","733 Rankin Ave，380全包。。後院就是溫莎大學工程館。地理位置非常優越。好房不等人哦。
Details: 
1. 这间房室内装修非常干净、整洁，室外院子很干净，草坪精保养，刚刚换了全新的保暖層和窗户，邻居是加拿大本地人，环境非常好，很安静。
2.此房地段非常好，位处Rankin街，2-3分钟步行到温莎大学，离工程学院很近，5分钟到语言中心，周边有许多餐馆如Dragon’s Inn, Pizza Pizza, The Pita Grill, 几步路可达华人超市，TD Bank，公交站，非常方便。
3.此房有公共活动区，三個人共用厨房、餐厅、浴室。
5.目前入住的房客都是温莎大学的研究生，人都超nice。 
6.免费使用洗衣机、烘干机、冰箱、微波炉。
7.包水电气网费。
8.提供雙人床跟書桌。
9.需要一年的租房合同。
10. 欢迎不吸烟，不养宠物，爱干净的同学入住哦。><
如果有任何问题可以和我联系，预约看房。如需要看房间图片，请加微信号：pure-blue-sky。电话519-551-3698。非诚勿扰。一樓房間現在隨時可以入住。",0,0,0,0,0,0,1,1,0,0,0
"Richard加拿大科技学院6479063396","招聘信息,兼职/全职 Apr 24th, 2018",0,0,0,0,0,0,1,1,0,0,0
"Sub201-Ass409-Dip410-App411","别着急 请看我的时间轴","我拿把旧钥匙
敲着厚厚的墙",0,0,1,12,0,1,1,0,0,1
"shumindu","我车库门前是石子地面有没有能修成水泥地面或沥青地面的人才，请帮着介绍一下。谢谢大家了！",0,0,0,0,0,0,1,1,0,0,1
"AnnabelAssessment3.23","@2.11 Sub3.22assessed 我也是323assess 现在还在assess lol","Fall in love, enjoy a dream, dance a journey. ",34,0,9,0,3,1,1,8,9,1
"莎莎","周五晚 DJSoda卡座 有小姐姐一起来玩吗😌","平行进口车招奔驰人头 有报酬<span class=""emoji emoji1f4b0""></span> ",25,3,4,13,8,0,1,4,5,0
"🐟×子非鱼Cecilia×🐟","soda的remix不错","🌬️ What Goes around Comes around",25,0,5,0,2,1,1,4,5,1
"虎头虎脑的郭小虎","求四月三十号 温莎到大瀑布的车～ ","并不是只有我在质疑我",0,0,0,10,0,1,1,0,0,1
"DreamRider"," ✋🏻提供5.6北京回加拿大有偿待物，不带烟","加拿大代购！正品不解释！",0,0,0,10,2,0,1,0,0,0
"终于18岁的小Jill","啊啊啊啊，放我过去！","因上努力，果上随缘",0,0,0,8,1,1,1,0,0,1
"村长","一个误解：
人们总是在往多伦多移，数量增加。

事实是：
这几年人们在往多伦多之外走（见黄线）

人们往滑铁卢KWC区（蓝色）
Hamilton区（绿色）迁移人口逐渐增加！"," ",0,0,1,0,0,1,1,0,0,0
"李梓溦Vivien","提供明天中午去多伦多的carpool","No pains,No gains......",14,0,2,0,7,1,1,3,4,0
"👾","有没有五月五号从多伦多机场回温莎的车","Chaos",5,0,0,0,0,1,1,1,1,1
"YanKee","dt 近20 年的 revitalization 虽说慢； 但steady paced。 高密度；便利的公共交通和就业便利加上不生娃带动 core 区急剧转变。[调皮]","哦野",0,0,0,2,0,1,1,0,0,0
"Yu","好玩",0,0,0,0,0,0,1,1,0,0,1
"Maggie车房保险","耿耿于怀","资深产品顾问：金融、车房保险；关注你的生活647-293-0381",0,10,0,18,5,0,0,3,3,0
"Jenny","🔥🔥捡漏捡漏！降价30萬，买到就是赚到！卖家诚意转让，7月底交房賣家已付了手付不要了[大哭][大哭]直接轉名字過去💐💐Newmarket 旁邊Sharon Village開發商Mosalk[微笑]3⃣️分到Highway 3800呎/“45 “Lot 有意請電（416）8858987",0,0,0,0,0,0,1,1,0,0,0
"小妖","菜单有小改动 请注意。每周四晚10点截单
取货地点：（可以在两个地方。地点A 30 Brightside Ave. Richmond hill. L4e0p6. 地点B 38 willow heights blvd, Markham ON L6C 0X8。 ）A或者B  下单时请标明。好消息👉🏻❇囍辣❇👈🏻试营业了 喜欢吃辣的亲们一定不要错过啊 小店经营鸭货、螃蟹、小龙虾、鲍鱼等十多种产品，敬请您的光临，试营业间大放价全场8.5折，联系群主自取！
1⃣️麻辣小龙虾$14.99
2⃣️麻辣牛肉干$14.99
3⃣️麻辣花蛤$7.99
4⃣️花螺$15.99
5⃣️麻辣鲜虾$9.99
6⃣️麻辣沙孟鱼$9.99
7⃣️麻辣鸭脖$6.99
8⃣️麻辣小鲍鱼$19.99
9⃣️麻辣鸭脚$4.99
🔟麻辣鸭舌$24.99
11.藕片 $4.99 
12. 金针菇$5.99 
13. 海带丝 $4.99
14. 鸡脆骨 $9.99
🍺🍺🍺🍺🍺🍺🍺🍺🍺🍺
1. cici 藕片 1 ，金针菇1  鸭脖1 
2. 小妖 麻辣鲜虾*1，藕*1，A
3. 
4.
5.
6.
7.
8.
9.
10.
11.
12.
13.
14.
15.

                                                —周四晚10点截单",0,0,0,0,0,0,1,1,0,0,0
"给我一双慧眼","CMA的具体位置包含哪些?多伦多市的人口是一直在增加的。这几年市中心不断有新建condo，而且空置率极低，可以看出常住人口的增加","Don't wait for the perfect moment, make the moment perfect!",47,0,9,0,3,1,1,8,11,
"DBC商学院班主任Max（已满）","今日要闻一眼扫👇
1.美国国务院报告指责中国人权状况，外交部回应：试图通过这种方式干涉中国内政、影响中国发展，过去是徒劳的，今后也没有成功的可能。

2.携程、飞猪等OTA平台已无法提供南航值机和选座服务，南航拒为未授权第三方平台“选座”。

3.据华尔街日报，滴滴计划最早今年IPO，寻求估值至少700-800亿美金。另据新浪，有媒体报道称滴滴正在推进收购ofo的谈判，滴滴和ofo方面对此都未发表评论。

4.百度官方4月24日宣布，中国首款商用级无人驾驶巴士“阿波龙”面向公众试乘。

5.Google净利润大涨73%，但其中六成来自对外投资收益。

今日汇率：
🇺🇸=6.3158元    🇬🇧=8.7992元
🇦🇺=4.7994元    🇭🇰=0.8053元
🇨🇦=4.9169元    🇸🇬=4.7641元",0,0,0,0,0,0,1,1,0,0,0
"Judy","帽子是纯棉的吗？@anna ～🇨🇦 ",0,0,0,0,0,0,1,1,0,0,1
"君不见",1,"君不见",0,0,0,3,0,1,1,0,0,1
"榴莲哥",1,0,0,0,0,0,0,1,1,0,0,1
"前端sitm","  这样得弹窗组件怎么写啊","给生活留点余地，得到，不喜，失去，不悲。",0,0,0,15,5,1,1,0,0,1
"SarahGong","不过各家都有线路。除了线路，我还会看船是哪年renovation的，free restaurant 多伦多。","Live, Love, Lift, Travel
Toronto, Beijiing
UT, Schulich",43,0,7,0,5,1,1,8,8,1
"温莎无忧Carpool","
              H&X ON THE WAY
  机场&多伦多拼车&包车&搬家服务

4-26 多伦多<> 温莎  接海航新生
4-28 温莎<>多伦多 往返早8晚4
4-29 温莎<>多伦多 往返早8晚4
5-01 温莎<>多伦多 往返早8晚4
5-03 温莎<>多伦多 往返早8晚4
5-05 温莎<>多伦多 往返早8晚4
5-06 多伦多<> 温莎  接加航
5-07 温莎<>多伦多   接加航
5-09 温莎<>多伦多 往返早8晚4
5-11 温莎<>多伦多 往返早8晚4
东温莎 & Lasalle 地区 请提前报地址。到指定地点上车

微信：1828561493 请留信息。谢谢👏
电话：416-999-3636 ","顺其自然",0,0,0,4,0,1,1,0,0,0
"温莎多伦多接送服务","
              H&X ON THE WAY
  机场&多伦多拼车&包车&搬家服务

4-26 多伦多<> 温莎  接海航新生
4-28 温莎<>多伦多 往返早8晚4
4-29 温莎<>多伦多 往返早8晚4
5-01 温莎<>多伦多 往返早8晚4
5-03 温莎<>多伦多 往返早8晚4
5-05 温莎<>多伦多 往返早8晚4
5-06 多伦多<> 温莎  接加航
5-07 温莎<>多伦多   接加航
5-09 温莎<>多伦多 往返早8晚4
5-11 温莎<>多伦多 往返早8晚4
东温莎 & Lasalle 地区 请提前报地址。到指定地点上车

微信：1828561493 请留信息。谢谢👏
电话：416-999-3636 ","顺其自然",0,0,0,4,0,1,1,0,0,0
"Tony.han℡⁴¹6-⁹⁹⁹-³6³6","
              H&X ON THE WAY
  机场&多伦多拼车&包车&搬家服务

4-26 多伦多<> 温莎  接海航新生
4-28 温莎<>多伦多 往返早8晚4
4-29 温莎<>多伦多 往返早8晚4
5-01 温莎<>多伦多 往返早8晚4
5-03 温莎<>多伦多 往返早8晚4
5-05 温莎<>多伦多 往返早8晚4
5-06 多伦多<> 温莎  接加航
5-07 温莎<>多伦多   接加航
5-09 温莎<>多伦多 往返早8晚4
5-11 温莎<>多伦多 往返早8晚4
东温莎 & Lasalle 地区 请提前报地址。到指定地点上车

微信：1828561493 请留信息。谢谢👏
电话：416-999-3636 ","顺其自然",0,0,0,4,0,1,1,0,0,0
"陈杭梅_HangmeiChen","我已经定了5月27号游轮，只是想了解沿线港口怎么玩。",0,0,0,0,0,0,1,1,0,0,1
"Manni","@Sarah Gong 10月没有想象中那么冷， ","物业管理，买卖投资",0,0,0,8,1,0,1,0,0,0
"董环恺","孤胆英雄","心向阳光，脚踏实地。",0,0,0,8,2,1,1,0,0,1
"🐨","荷兰猪今天带走免费领养 因为昨天某些原因没被带走 有兴趣请私聊我 谢谢谢谢谢谢","<span class=""emoji emoji2600""></span>️",23,4,2,0,9,0,1,4,5,1
"Mr.Mr","求明天中午温莎去底特律机场的卡普","宠辱不惊，闲看庭前花开花落；去留无意，漫随天外云卷云舒～",0,0,0,24,4,1,1,0,0,1
"June🍁","@anna ～🇨🇦 亲，那个太阳帽到货了吗？","莲自心中生，心是莲花开。自当常浇灌，馨香满归途……",0,0,0,20,5,1,1,0,0,1
"古笑颜","@crescent   ","因何当睡又不睡
因何不当睡又睡",0,0,1,14,0,1,1,0,0,1
"crescent","给你的小沫找个伴",0,0,0,0,0,0,1,1,0,0,1
"Hera🍒","求5.2号包车温莎到皮尔逊坐7:30分的飞机","Life is not a destination,but a journey.",32,0,6,0,2,1,1,7,8,1
"哆啦A白😏","@Hera🍒","It will be better than before. ",24,0,6,0,1,1,1,6,6,1
"billbiubiu","比如我",0,0,0,0,0,0,1,1,0,0,1
"Frankie","比如我","心中永远有阳光，笑容永远像太阳。",0,0,0,14,2,1,1,0,0,1
"Roger","我来！","只想夜里翻来覆去的时候有寄托",0,0,0,14,0,1,1,0,0,1
"（相由心生，境由心转)BondNie","房屋保险必保什么？那些是必须的，那些是可选择的？谢谢指教😌","活着快乐，健康，真实。",0,0,0,8,3,1,1,0,0,1
"古筝娃娃","同问，屋里电线有铝线都必须要求出具ESA证明吗？要怎么申请证明","Good Start Grow Smart 青青宝贝幼儿启蒙教育",18,0,4,10,0,1,1,4,4,0
"周教练",1,0,0,0,0,0,0,1,1,0,0,1
"✨LiQun","🇺🇸New York Yankees 棒球帽🧢特价促销🎈 喜欢的大家一起拼单省邮费[胜利]接龙时请将自己喜欢款式的对应数字🔢和数量 标注清楚 哦😄
1、 Anna  1号  2个
2、Helen 1号，14号，6号各1个
3、芍 1号1个
4、Liqun ：1号、8号各一个
5、","天下事 了犹未了 何妨以不了了之",0,0,2,14,0,1,1,0,0,0
"小鹰","@古筝娃娃 打电话给esa约时间来人检查，检查后会给你一个整改清单，在规定时间内改完后告诉esa，他们会再次来人检查，之后出具证明","非知识青年，莫抬杠~~",0,0,0,8,3,1,1,0,0,1
"JeffWang（贷款经纪）","叫前屋主在交房前必须改好就可以了","密市及周边地区贷款经纪,诚心为您服务！905-3028899,留言必回!",0,10,0,21,5,0,0,2,2,0
"Shirley🇨🇳🇨🇦代购",1,"中加非全职小代购，12小时时差，聊得来免费代🙉🙉🙉",0,2,0,18,5,0,1,1,1,0
"Sub0206-Ass0314-Apr0420","请问大神Membership of association with organization 党员算么[捂脸]@Aaron晖 ",0,0,0,0,0,0,1,1,0,0,1
"Mike","现在building code不给新的建筑用铝线 但是没有要求一定要改掉铝线的",0,0,0,0,0,0,1,1,0,0,1
"Alan","@古筝娃娃 我有朋友家一部分铝线一部分铜线拿到保险的",0,0,0,0,0,0,1,1,0,0,1
"Sub202-Ass228-Dip323-Apr327","出生证明没有期限呀","Photo Nerd",9,0,1,0,0,1,1,2,2,1
"Jennifer@CIBC贷款经理","🇺🇸New York Yankees 棒球帽🧢特价促销🎈 喜欢的大家一起拼单省邮费[胜利]接龙时请将自己喜欢款式的对应数字🔢和数量 标注清楚 哦😄
1、 Anna  1号  2个
2、Helen 1号，14号，6号各1个
3、芍 1号1个
4、Liqun ：1号、8号各一个
5、Jennifer 1号 1个","不端不装、有梦有趣，Party 才刚刚开始",5,0,1,13,2,1,1,1,1,0
"Lisa---旅游保险",1,"专业+人品=靠谱",0,0,0,6,2,1,1,0,0,0
"淑嫱🐼","有人卖2手床和台灯吗？@all",0,0,0,0,0,0,1,1,0,0,1
"Shirley","@淑嫱🐼 我有朋友卖床","此用户未开通朋友圈功能                                ",0,0,32,11,0,1,1,0,0,1
"桑榆未晚","想请问一下群里大佬，别人通过一个URL传给我一个json数据，我用nodejs要怎么接收这个数据?","细雨湿衣看不见，闲花落地听无声",0,0,0,14,1,1,1,0,0,1
"DanielX.Zhao","换个保险公司。不是每个保险公司都一样","旺旺旺",0,0,0,3,0,1,1,0,0,1
"筱默","全世界聪明人都在玩的游戏，快来试试！","坚信你的每一份努力，都是在扎根！",0,0,0,14,2,1,1,0,0,0
"房东群村助","             温馨提示
================
房东群村友们：

如果计划在今年8月1号涨租金，你现在需要给租客通知了，记得是N1 Form，这个月月底（4月30号）之前要通知到租客手里，如果是邮寄，请在28号之前寄出哦！

注意租金涨幅最高为1.8%

以下是样本：",0,0,0,0,0,0,1,1,0,0,0
"Sub206-Dip404","中国的户口需要在联邦阶段提交吗",0,0,0,0,0,0,1,1,0,0,1
"全球旅游行程发布网1","台北一天用车（当地用车）","全球旅游商家免费发布平台，公众号：tour-mart",8,0,0,15,3,0,1,2,2,0
"frank_f-oakville",1,0,0,0,0,0,0,1,1,0,0,1
"LunchBreak",1,"<span class=""emoji emoji2615""></span>️<span class=""emoji emoji1f339""></span>",47,8,4,0,17,0,1,5,10,0
"MasonChen","️大家注意了：领事馆的骗子电话升级了，现在是变成药房打来验证你的地址和出生日期，大家小心喽！有人已经接到好几个电话了还有中文翻译！别上当了！","fun",3,0,0,0,0,1,1,1,1,0
"Yan","求5月1号早上温莎去多伦多机场的卡普，一人一大箱","素衣莫起风尘叹，只怨清明不到家",0,0,0,14,1,1,1,0,0,1
"房东群物业管理4165808681","房东网 - 文件资料列表",0,0,0,0,0,0,1,1,0,0,0
"Aaron","求最近带物回国[嘿哈]","Locking my heart",14,0,2,0,0,1,1,3,3,1
"Double.F","求个5月4日多伦多接机回温莎的carpool","被手指倒刺打败的男人。",0,0,0,10,1,1,1,0,0,1
"Marvin","提供4.26明天下午温莎去多伦多卡普",0,0,0,0,0,0,1,1,0,0,0
"Jacky","还在玩跳一跳吗，信不信玩这个你肯定跳不过我","一切都是最好的安排",0,0,0,9,0,1,1,0,0,0
"sub205-ass312-dip404-apr416","你查警察局网站，上面会跟你说去那里做",0,0,0,0,0,0,1,1,0,0,1
"Alvin~裕","“飞刀手”了解一下","不谋万世者不足以谋一时，不谋全局者不足以谋一域",0,0,0,22,1,1,1,0,0,0
"挂支","无家可归！求兄弟收留！","知不足而后勇。",0,0,0,6,1,1,1,0,0,0
"Banana","找一个从南温莎去大学附近的卡普",0,0,0,0,0,0,1,1,0,0,1
"ass3.19dip4.20","同问","Pray me make the right decision",26,0,5,0,0,1,1,6,6,1
"Sub,2.11-assess,3.21-dip,4.25","dip阶段家里新添人了怎么办啊","捧茶观落日 红梅白雪知",0,0,1,10,0,1,1,0,0,1
"彭天阳","提供今晚多伦多回温莎carpool","Trust the process",15,0,2,0,0,1,1,3,3,0
"😃Raymond😄祝你四月光宗耀祖","hcp已经快两月了 还是submitted[捂脸]","🇨🇦 成功不必在我 而功力必不唐捐",0,0,2,13,2,1,1,0,0,1
"帆","小程序现在好多","php是门最有意思的语言！q群162542073",4,9,0,10,1,1,1,3,3,0
"黄雪王是巫妖银","求27号，星期五，多伦多回温莎 中午或者下午出发 两个人，行李少","岂曰无衣！与子偕行.",0,0,0,8,2,1,1,0,0,1
"在变胖","提供周五27号一早去多伦多的卡普",0,0,0,0,0,0,1,1,0,0,0
"MikeDeng","提供明天26号去多伦多的carpool",0,0,0,0,0,0,1,1,0,0,0
"Steve","maserati ghibli","typing. ......",6,0,1,0,7,1,1,1,1,1
"A奔驰加拿大总部直营店🚗ALLEN","Mashayindi","ALLEN 416 902 2030 奔驰总部直营4S店
   Mercedes-Benz Midtown",25,11,9,7,1,0,0,8,8,0
"大雅","谢谢","To boldly go where no man has gone before",33,0,8,0,0,1,1,9,9,1
"房東網廣告商務","[强][强]",0,0,0,0,0,0,1,1,0,0,0
"Angela游轮度假","华人首富李嘉诚 抢购多伦多地皮盖楼 这个区域引起众多投资者关注","环游世界  私任订制  财富自由",0,0,4,12,0,0,1,0,0,0
"歌神五五开","求明天去滑铁卢的carpool","<span class=""emoji emoji2665""></span><span class=""emoji emoji2665""></span><span class=""emoji emoji2665""></span>",69,12,6,0,24,0,1,4,15,1
"wawa✨","@Aaron晖 晖哥 请问一下，如果当时申请旅游签是借用了别人公司的在职证明，那personal history里在国内的工作经验需要和那份在职证明一致吗？还是可以填实际的工作地点。。","真情可贵",0,0,0,4,0,1,1,0,0,1
"加拿大搜索网www.canadaso.com","🚀

真相：[嘴唇] 微信疯传，刚刚，加拿大这项服务免费了，是真的吗？

http://www.canadaso.com/services/service/2949","商务搜索平台 - 免费发布广告 ( 商家黄页  网上购物  便民服务 )",0,0,9,24,3,0,1,0,0,0
"sub409","肯定要一致吧 不然就是misrepresentation？","Miracles happen every day<span class=""emoji emoji2728""></span>",45,4,5,0,8,0,1,8,9,1
"cici","@囍辣售货员 请问下订单可以取消吗？昨天吃了麻辣东西胃疼了一夜","匆匆那年！",0,0,0,4,1,1,1,0,0,1
"囍辣售货员","@cici 可以啊 你把接龙取消","If It's meant to be, It will be.",22,0,7,0,3,1,1,7,9,0
"雯","有去过厄瓜多尔和秘魯的么？五月初去這兩地","海阔凭鱼跃，天高任鸟飛",0,0,0,10,1,1,1,0,0,1
"🍃小N家韩式定妆&amp;WNHC诊所","我们的医师为客人考虑周到，明明可以用快针来打，省时省力，但是为了尽量避免淤青的机率而采用钝针打法，虽然耗时耗人工，但是也不计较付出......,选择一个好的医师很重要！！","定妆眉，粉墨眉，沙雾眉，水雾眉，丝雾眉，根状眉，美睫线",0,0,0,21,6,1,1,0,0,0
"俞骅","我有去过。超喜欢。","海阔天空，无拘无束，与朋欢乐，尽享人生",0,0,0,16,3,1,1,0,0,1
"开开知道，群主宝宝","今天剧本5=2来的m，最好是妹子","国际神经病一级证书拥有者",0,0,0,12,0,1,1,0,0,1
"Leilei-Release2-ITRecruiter","Full Time Sr. Manager Information Secruity Position - Banking client
To Apply Please email leilei.sun@release2.com

1.  Possesses a university degree/college diploma in related discipline(s) or equivalent work experience, and/or 8 to 10 years experience in an information security environment preferably with knowledge of Audit, Compliance and Regulatory Management 
2.  Strong knowledge and understanding of emerging technologies as they pertain to external regulatory requirements (e.g., PIPEDA, SOX, ISO, CoBIT, COSO, GLBA) 
3.  Advanced knowledge of industry directions and trends in Information Security, Risk Management and Regulations
4.  Completion of security certifications such as CISSP and CISA 
5.  Demonstrates solid knowledge of the standard operating platforms, system administration, network administration, development process and security process 
6.  Exhibits advanced knowledge of one or more security processes and technologies 
7.  Solid understanding of project management processes, documentation, audit and signoff authorities 
8.  Solid knowledge of the Bank’s Policies and Procedures in relation to Information Security","一本书一杯茶一缕阳光一下午，一只猫一条鱼一盒点心美滋滋",0,0,0,26,1,1,1,0,0,0
"筱沐yoki🙃","几点啊","Now you just somebody that I used to know.",33,0,8,0,1,1,1,9,9,1
"Hi.Vera🍄","求近期带物回国啊啊啊，最好5月前","be the one that you wanna be",22,0,6,0,0,1,1,6,7,0
"Xsn","我也要！同求同求！","<span class=""emoji emoji1f436""></span>🐼<span class=""emoji emoji1f418""></span><span class=""emoji emoji1f43b""></span><span class=""emoji emoji1f42f""></span><span class=""emoji emoji1f428""></span>🦊<span class=""emoji emoji1f439""></span>",146,22,12,0,50,0,1,9,30,0
"meochan","提供明天多伦多回温莎的carpool 大概中午左右出发 时间可谈","静如瘫痪，动若癫痫",0,0,0,8,1,1,1,0,0,0
"🍒优格🍓",1,"I'm real, but I'm not perfect.",21,0,5,0,4,1,1,6,8,0
"啊啊啊啊啊啊啊啊啊泽","求一个今天下午四点的市内carpool","我的人生从来都没有认真过",0,0,0,12,0,1,1,0,0,1
"YupingPeng养眼","暖炉/空调 免费评估接龙：
🌹1. 静:(暖炉/热水炉）oakville 
🌹2.小杨:(空调/暖炉/热水炉）oakville 
3.航：(暖炉/空调）Hamilton 
🌹4. 不懂:(暖炉/热水炉）Newmarket 
🌹5. Lanya  （暖炉）
6.nana 暖炉
7.Grace (furnace &water tank) Mississauga
8.Maggie X （暖炉/热水炉）Oakville
9. Fei （热水炉）Milton 
10. Shuyin (furnace) Richmond Hill
11.往事如风：暖炉(oakville)
12.哲学：暧炉
13. Lei Wei：暖炉（Hamilton）
14.安德 furnace (Oakville）
15.Echo Chen （ Burlington）
16.Julia Chen (Oakville）
17.婧丫头麻麻（Oakville）
18.Judy 冷气（Mississauga)
19.Apple 甯：暖炉空调 （Oakville）(5-19安装）
20.Haihong海虹 （Mississauga)
21.天上所有的星 空调 Mississauga
22. Henry Cai (暖炉/空调) Oakville
23. Angela (暖炉/热水炉) Mississauga 
24. Sandra (暖炉）Mississauga 
25.娟子华
26.太阳鸟  (热水炉与暖炉)
27.养眼 (暖炉2)
28.
29.
30.",0,0,0,0,0,0,1,1,0,0,0
"Bari","这辆","勿扰",0,0,0,2,0,1,1,0,0,1
"娜娜酱","怎么又汉子了","凤困凰",0,0,0,3,0,1,1,0,0,1
"墨色羽毛（Emily）","大概妹子太多了",0,0,0,0,0,0,1,1,0,0,1
"Kathy🍉www.leelaw.com","EE今天抽的最低分441","房产交接，公证，移民签证，上庭诉讼，告票 报税，旅游保险<span class=""emoji emoji1f438""></span>",24,4,3,22,13,0,1,4,5,0
"哦•","刚被抽中啦","昨天我做了个梦",0,0,0,7,0,1,1,0,0,1
"开开知道💗剧本杀","6点剧本5=2来的m","国际神经病一级证书拥有者",0,0,0,12,0,1,1,0,0,0
"J-soap","@Yuping Peng养眼 你是不是该做管道清洁了😂","承接婚庆手伴礼，母乳皂，生日皂，私人定制，独一无二！",0,0,0,21,5,0,1,0,0,0
"Sarah02**","恭喜","<span class=""emoji emoji1f388""></span><span class=""emoji emoji1f388""></span><span class=""emoji emoji1f388""></span><span class=""emoji emoji1f388""></span><span class=""emoji emoji1f483""></span><span class=""emoji emoji1f483""></span><span class=""emoji emoji1f483""></span><span class=""emoji emoji1f483""></span>",192,32,16,0,64,0,1,5,40,1
"阿飞哥","暖炉/空调 免费评估接龙：
🌹1. 静:(暖炉/热水炉）oakville 
🌹2.小杨:(空调/暖炉/热水炉）oakville 
3.航：(暖炉/空调）Hamilton 
🌹4. 不懂:(暖炉/热水炉）Newmarket 
🌹5. Lanya  （暖炉）
6.nana 暖炉
7.Grace (furnace &water tank) Mississauga
8.Maggie X （暖炉/热水炉）Oakville
9. Fei （热水炉）Milton 
10. Shuyin (furnace) Richmond Hill
11.往事如风：暖炉(oakville)
12.哲学：暧炉
13. Lei Wei：暖炉（Hamilton）
14.安德 furnace (Oakville）
15.Echo Chen （ Burlington）
16.Julia Chen (Oakville）
17.婧丫头麻麻（Oakville）
18.Judy 冷气（Mississauga)
19.Apple 甯：暖炉空调 （Oakville）(5-19安装）
20.Haihong海虹 （Mississauga)
21.天上所有的星 空调 Mississauga
22. Henry Cai (暖炉/空调) Oakville
23. Angela (暖炉/热水炉) Mississauga 
24. Sandra (暖炉）Mississauga 
25.娟子华
26.太阳鸟  (热水炉与暖炉)
27.养眼 (暖炉2)
28.阿飞哥 （暖炉和热水炉）
29.
30.","2017年11月7日",0,7,0,3,0,1,1,3,3,0
"冰块👩","管道清洁和暖不暖没很大关系",2896448688,0,10,0,0,0,1,0,1,1,1
"雨溪","下雨天妈妈们都在干嘛啊？",0,0,0,0,0,0,1,1,0,0,1
"Bobby","请问一下 狗狗打针去Wellesley animal hospital好还是去college animal hospital好呢","lebenslangerschicksalsschatz",28,0,0,0,0,1,1,1,1,1
"阿达🤨",1,"毒鸡汤害死人",0,0,0,6,0,1,1,0,0,1
"三宝妈---阿胶糕代理","是 煲汤啦 做过几次","爱是恒久忍耐又有恩慈",0,0,0,10,0,1,1,0,0,1
"养眼","@冰块👩 也有可能是墙或窗子保温差了。",0,0,0,0,0,0,1,1,0,0,1
"ying","暖炉/空调 免费评估接龙：
🌹1. 静:(暖炉/热水炉）oakville 
🌹2.小杨:(空调/暖炉/热水炉）oakville 
3.航：(暖炉/空调）Hamilton 
🌹4. 不懂:(暖炉/热水炉）Newmarket 
🌹5. Lanya  （暖炉）
6.nana 暖炉
7.Grace (furnace &water tank) Mississauga
8.Maggie X （暖炉/热水炉）Oakville
9. Fei （热水炉）Milton 
10. Shuyin (furnace) Richmond Hill
11.往事如风：暖炉(oakville)
12.哲学：暧炉
13. Lei Wei：暖炉（Hamilton）
14.安德 furnace (Oakville）
15.Echo Chen （ Burlington）
16.Julia Chen (Oakville）
17.婧丫头麻麻（Oakville）
18.Judy 冷气（Mississauga)
19.Apple 甯：暖炉空调 （Oakville）(5-19安装）
20.Haihong海虹 （Mississauga)
21.天上所有的星 空调 Mississauga
22. Henry Cai (暖炉/空调) Oakville
23. Angela (暖炉/热水炉) Mississauga 
24. Sandra (暖炉）Mississauga 
25.娟子华
26.太阳鸟  (热水炉与暖炉)
27.养眼 (暖炉2)
28.阿飞哥 （暖炉和热水炉）
29.ying (暖炉 Markham)
30.",0,0,0,0,0,0,1,1,0,0,0
"A🐝poppy🐝","红菜头","心之所动，就随风去了，以爱之名，你还愿意吗？",0,0,0,18,4,1,1,0,0,1
"Phyllis💃ZumbaInstructor","請問誰有Hwy 7附近的一房condo出租？ 
房客付現金，請私信我，謝謝[Salute][Salute][Salute]","凡事谦虚、温柔、忍耐，用爱互相包容。以 4:2",0,2,1,15,5,1,1,2,2,0
"隐姓埋名的梅先生","不贵","力争上游",0,0,0,4,0,1,1,0,0,1
"老板一份鱼丸粗面","Wellesley贵",0,0,0,0,0,0,1,1,0,0,1
"尹小哈Husky","想问问大家的狗子办的哪家保险/有没有必要买保险","I'm alive I'm alive I'm so alive xD",25,0,7,0,3,1,1,5,11,1
"秋秋🌟三宝妈",1,"""We should appreciate every single breathe that we have”",46,0,8,0,2,0,1,9,9,1
"Emma","好丰盛","要在相同的时间里活出厚度！",0,0,0,12,1,1,1,0,0,1
"amandaliu","我爱吃肉肉[奸笑]","人生就是一场修行之旅，做更好的自己",0,0,0,16,1,1,1,0,0,1
"00xx","soga","如梦如幻月，若即若离花",0,0,0,10,1,1,1,0,0,1
"BEYOND","全世界聪明人都在玩的游戏，快来试试！","莫欺少年肥",0,0,0,5,0,1,1,0,0,0
"wawadebug","菜单有小改动 请注意。每周四晚10点截单
取货地点：（可以在两个地方。地点A 30 Brightside Ave. Richmond hill. L4e0p6. 地点B 38 willow heights blvd, Markham ON L6C 0X8。 ）A或者B  下单时请标明。好消息👉🏻❇囍辣❇👈🏻试营业了 喜欢吃辣的亲们一定不要错过啊 小店经营鸭货、螃蟹、小龙虾、鲍鱼等十多种产品，敬请您的光临，试营业间大放价全场8.5折，联系群主自取！
1⃣️麻辣小龙虾$14.99
2⃣️麻辣牛肉干$14.99
3⃣️麻辣花蛤$7.99
4⃣️花螺$15.99
5⃣️麻辣鲜虾$9.99
6⃣️麻辣沙孟鱼$9.99
7⃣️麻辣鸭脖$6.99
8⃣️麻辣小鲍鱼$19.99
9⃣️麻辣鸭脚$4.99
🔟麻辣鸭舌$24.99
11.藕片 $4.99 
12. 金针菇$5.99 
13. 海带丝 $4.99
14. 鸡脆骨 $9.99
🍺🍺🍺🍺🍺🍺🍺🍺🍺🍺
1. cici 藕片 1 ，金针菇1  鸭脖1 
2. 小妖 麻辣鲜虾*1，藕片*1，麻辣鸭脚*1，A
3. ShelleyT 麻辣鲜虾*1，藕片*1，麻辣鸭脚*1，A（欠7块）
4. wawa 鸭脚 2 A
5.
6.
7.
8.
9.
10.
11.
12.
13.
14.
15. —周五中午12点截单","关老爷保佑 <span class=""emoji emoji1f64f""></span>",25,3,3,5,8,0,1,4,5,0
"SUNNY","情感咨询师，擅长吸引异性，挽回感情、维持长期恋爱关系。还有同城单身男女免费配对[机智]","情感医生。",0,0,0,4,1,1,1,0,0,0
"✨肉💜妹✨","请问有没有卖全科证书的[啤酒][啤酒][啤酒]","做
一
个
有
趣
的
人",0,0,6,7,0,1,1,0,0,1
"Kane","求明天下午温莎到多伦多一个人","Red Raf Simons",12,0,2,0,0,1,1,3,3,1
"Marshall💯","@❇肉💜妹❇ 加你了","Crius Financial",14,0,1,0,0,1,1,2,2,1
"nightingale","菜单有小改动 请注意。每周四晚10点截单
取货地点：（可以在两个地方。地点A 30 Brightside Ave. Richmond hill. L4e0p6. 地点B 38 willow heights blvd, Markham ON L6C 0X8。 ）A或者B  下单时请标明。好消息👉🏻❇囍辣❇👈🏻试营业了 喜欢吃辣的亲们一定不要错过啊 小店经营鸭货、螃蟹、小龙虾、鲍鱼等十多种产品，敬请您的光临，试营业间大放价全场8.5折，联系群主自取！
1⃣️麻辣小龙虾$14.99
2⃣️麻辣牛肉干$14.99
3⃣️麻辣花蛤$7.99
4⃣️花螺$15.99
5⃣️麻辣鲜虾$9.99
6⃣️麻辣沙孟鱼$9.99
7⃣️麻辣鸭脖$6.99
8⃣️麻辣小鲍鱼$19.99
9⃣️麻辣鸭脚$4.99
🔟麻辣鸭舌$24.99
11.藕片 $4.99 
12. 金针菇$5.99 
13. 海带丝 $4.99
14. 鸡脆骨 $9.99
🍺🍺🍺🍺🍺🍺🍺🍺🍺🍺
1. cici 藕片 1 ，金针菇1  鸭脖1 
2. 小妖 麻辣鲜虾*1，藕片*1，麻辣鸭脚*1，A
3. ShelleyT 麻辣鲜虾*1，藕片*1，麻辣鸭脚*1，A（欠7块）
4. wawa 鸭脚 2 A
5. nightingale 鸭脚4 鸡脆骨1 A
6.
7.
8.
9.
10.
11.
12.
13.
14.
15. —周五中午12点截单","别偷窥了，姐就不写朋友圈",0,0,0,11,1,1,1,0,0,0
"Maggie","🇺🇸New York Yankees 棒球帽🧢特价促销🎈 喜欢的大家一起拼单省邮费[胜利]接龙时请将自己喜欢款式的对应数字🔢和数量 标注清楚 哦😄
1、 Anna  1号  1个
2、Helen 1号，14号，5号各1个
3、芍 1号1个
4、Liqun ：1号、8号各一个
5、Jennifer 1号 1个
———以上已下订单————
6、Maggie 1号2个 8号1个
7、
8、","愿我走过的痛楚你不必经历，愿我已有的幸福你触手可及。",0,0,0,24,2,1,1,0,0,0
"何英","🇺🇸New York Yankees 棒球帽🧢特价促销🎈 喜欢的大家一起拼单省邮费[胜利]接龙时请将自己喜欢款式的对应数字🔢和数量 标注清楚 哦😄
1、 Anna  1号  1个
2、Helen 1号，14号，5号各1个
3、芍 1号1个
4、Liqun ：1号、8号各一个
5、Jennifer 1号 1个
———以上已下订单————
6、Maggie 1号2个 8号1个
7、ying 1号 1 个
8、",0,0,0,0,0,0,1,1,0,0,0
"🎀YUE💗","菜单有小改动 请注意。每周四晚10点截单
取货地点：（可以在两个地方。地点A 30 Brightside Ave. Richmond hill. L4e0p6. 地点B 38 willow heights blvd, Markham ON L6C 0X8。 ）A或者B  下单时请标明。好消息👉🏻❇囍辣❇👈🏻试营业了 喜欢吃辣的亲们一定不要错过啊 小店经营鸭货、螃蟹、小龙虾、鲍鱼等十多种产品，敬请您的光临，试营业间大放价全场8.5折，联系群主自取！
1⃣️麻辣小龙虾$14.99
2⃣️麻辣牛肉干$14.99
3⃣️麻辣花蛤$7.99
4⃣️花螺$15.99
5⃣️麻辣鲜虾$9.99
6⃣️麻辣沙孟鱼$9.99
7⃣️麻辣鸭脖$6.99
8⃣️麻辣小鲍鱼$19.99
9⃣️麻辣鸭脚$4.99
🔟麻辣鸭舌$24.99
11.藕片 $4.99 
12. 金针菇$5.99 
13. 海带丝 $4.99
14. 鸡脆骨 $9.99
🍺🍺🍺🍺🍺🍺🍺🍺🍺🍺
1. cici 藕片 1 ，金针菇1  鸭脖1 
2. 小妖 麻辣鲜虾*1，藕片*1，麻辣鸭脚*1，A
3. ShelleyT 麻辣鲜虾*1，藕片*1，麻辣鸭脚*1，A（欠7块）
4. wawa 鸭脚 2 A
5. nightingale 鸭脚4 鸡脆骨1 A
6. Yue 鸭脚 2盒，金针菇 1盒 牛肉干1盒
7.
8.
9.
10.
11.
12.
13.
14.
15. —周五中午12点截单",0,0,0,0,0,0,1,1,0,0,0
"X","提供27号温莎到多伦多卡普","香蕉你个巴拉🙄",0,0,0,6,1,1,1,0,0,0
"Yana","暖炉/空调 免费评估接龙：
🌹1. 静:(暖炉/热水炉）oakville 
🌹2.小杨:(空调/暖炉/热水炉）oakville 
3.航：(暖炉/空调）Hamilton 
🌹4. 不懂:(暖炉/热水炉）Newmarket 
🌹5. Lanya  （暖炉）
🌹6.nana 
7.Grace (furnace &water tank) Mississauga
8.Maggie X （暖炉/热水炉）Oakville
9. Fei （热水炉）Milton 
10. Shuyin (furnace) Richmond Hill
11.往事如风：暖炉(oakville)
12.哲学：暧炉
13. Lei Wei：暖炉（Hamilton）
🌹14.安德 furnace (Oakville）
15.Echo Chen （ Burlington）
16.Julia Chen (Oakville）
🌹17.婧丫头麻麻（暖气）（Oakville）
18.Judy 冷气（Mississauga)
19.Apple 甯：暖炉空调 （Oakville）(5-19安装）
20.Haihong海虹 （Mississauga)
21.天上所有的星 空调 Mississauga
22. Henry Cai (暖炉/空调) Oakville
23. Angela (暖炉/热水炉) Mississauga 
24. Sandra (暖炉）Mississauga 
25.娟子华
26.太阳鸟  (热水炉与暖炉)
27.养眼 (暖炉2)
28.阿飞哥 （暖炉和热水炉）
29.ying (暖炉 Markham)
30.Yana(热水炉，暖炉，空调)Oakville","活着",0,0,0,2,0,1,1,0,0,0
"4.20收信","求问大家[流泪]我4.20收到提名信，今天国内的户口本公证去办，加上寄过来需要一个半月…还来得及吗[流泪]","你非常相信，他就真的存在",0,0,0,11,1,1,1,0,0,1
"98xx","求问大家[流泪]我4.20收到提名信，今天国内的户口本公证去办，加上寄过来需要一个半月…还来得及吗[流泪]","你非常相信，他就真的存在",0,0,0,11,1,1,1,0,0,1
"🍁🌹Helen🌹🍁","刚刚拿到帽子🧢
正巧赶上下雨☔️
这位大哥好福气[耶]
带上帽子正好挡雨[偷笑]","人的一生就是一种经历，只有体验不同的风景，才算真正的活过！",0,0,0,26,3,1,1,0,0,1
"hui","提名信上面有Expiry Date","Keep on !",6,0,2,0,1,1,1,2,2,1
"张惠渊",1,"-愿你一生努力  一生被爱  想要的都拥有 得不到的都释怀",0,0,5,23,1,1,1,0,0,0
"喵星人(￣^￣)ゞ",1,"这个世界总有事物值得你温柔以待<span class=""emoji emoji1f335""></span>",24,4,2,15,8,0,1,4,5,0
"97＊＊","@98xx 寄过来不是三天么",0,0,0,0,0,0,1,1,0,0,1
"96××Steven","提名信过期不是半年么。。。","It will be better than before. ",24,0,6,0,1,1,1,6,6,1
"97**"," 你们的提名信都几天寄过来？",0,0,0,0,0,0,1,1,0,0,1
"皮卡卡普","寻找周五早上去多伦多的carpool ","世界很神奇",0,0,0,5,0,1,1,0,0,1
"2.11Sub3.22Ass4.25Dip","我终于dip了",":      )",0,0,6,0,2,1,1,0,0,1
"魚＇。🌈","[害羞]王一","就算忘了全世界，我也不會忘記你！~ ``",0,0,1,14,5,1,1,0,0,1
"Joeky","周哥商务车接送:
温莎→多伦多→温莎

明天(周4)上午→多伦多有位
27、28号、30号
5月5号、7号、15、31号
温莎→多伦多→温莎

2018年7座豪华商务车,
可接送机多伦多&底特律
早出晚归,具体时间请联系[耶]

接送机$60+$10/件大行李
搬家多伦多
欢迎包车、拼车
519-992-6238","提供多伦多专车及底特律接送机服务!
注:预订请付订金",0,0,1,23,2,0,1,0,0,0
"Nicole🍑","我提名信都等了四天了。。","Let the past rest",14,0,3,0,0,1,1,4,4,1
"周哥商务车接送519-992-6238","周哥商务车接送:
温莎→多伦多→温莎

明天(周4)上午→多伦多有位
27、28号、30号
5月5号、7号、15、31号
温莎→多伦多→温莎

2018年7座豪华商务车,
可接送机多伦多&底特律
早出晚归,具体时间请联系[耶]

接送机$60+$10/件大行李
搬家多伦多
欢迎包车、拼车
519-992-6238","提供多伦多专车及底特律接送机服务!
注:预订请付订金",0,0,1,23,2,0,1,0,0,0
"雪鸥","菜单有小改动 请注意。每周四晚10点截单
取货地点：（可以在两个地方。地点A 30 Brightside Ave. Richmond hill. L4e0p6. 地点B 38 willow heights blvd, Markham ON L6C 0X8。 ）A或者B  下单时请标明。好消息👉🏻❇囍辣❇👈🏻试营业了 喜欢吃辣的亲们一定不要错过啊 小店经营鸭货、螃蟹、小龙虾、鲍鱼等十多种产品，敬请您的光临，试营业间大放价全场8.5折，联系群主自取！
1⃣️麻辣小龙虾$14.99
2⃣️麻辣牛肉干$14.99
3⃣️麻辣花蛤$7.99
4⃣️花螺$15.99
5⃣️麻辣鲜虾$9.99
6⃣️麻辣沙孟鱼$9.99
7⃣️麻辣鸭脖$6.99
8⃣️麻辣小鲍鱼$19.99
9⃣️麻辣鸭脚$4.99
🔟麻辣鸭舌$24.99
11.藕片 $4.99 
12. 金针菇$5.99 
13. 海带丝 $4.99
14. 鸡脆骨 $9.99
🍺🍺🍺🍺🍺🍺🍺🍺🍺🍺
1. 
2. 小妖 麻辣鲜虾*1，藕片*1，麻辣鸭脚*1，A
3. ShelleyT 麻辣鲜虾*1，藕片*1，麻辣鸭脚*1，A（欠7块）
4. wawa 鸭脚 2 A
5. nightingale 鸭脚4 鸡脆骨1 A
6. Yue 鸭脚 2盒，金针菇 1盒 牛肉干1盒
7.雪鸥 牛肉干1盒
8.
9.
10.
11.
12.
13.
14.
15. —周五中午12点截单",0,0,0,0,0,0,1,1,0,0,0
"01**","渥太华","Xile Li ( ´･ᴗ･` ) ",6,0,5,1,6,1,1,2,2,1
"99××","户口本也要公证吗？","The harder the luckier",19,0,3,0,0,1,1,4,4,1
"Gloria","请问一下有没有推荐的英短银灰渐变的breeder？",0,0,0,0,0,0,1,1,0,0,1
"Ben,anna","请问一下群友们，听说政府补贴的装窗的钱不一定可以拿到，是不是真的？谢谢🙏",0,0,0,0,0,0,1,1,0,0,1
"颤抖的土拨鼠","！！同求","不是睡觉的时候，都想睡",0,0,0,10,1,1,1,0,0,1
"霍东辉","我也排上",0,0,0,0,0,0,1,1,0,0,1
"皓白白白白白☁","同求",0,0,0,0,0,0,1,1,0,0,1
"Sub2.3-Apr4.16","请问这个是什么的时间","加拿大代购！正品不解释！",0,0,0,10,2,0,1,0,0,0
"如意","暖炉/空调 免费评估接龙：（评估完了的，我前面放朵🌹，是为了自己别弄重复了，木有别的含义😂）
🌹1. 静:(暖炉/热水炉）oakville 
🌹2.小杨:(空调/暖炉/热水炉）oakville 
3.航：(暖炉/空调）Hamilton 
🌹4. 不懂:(暖炉/热水炉）Newmarket 
🌹5. Lanya  （暖炉）
🌹6.nana 
7.Grace (furnace &water tank) Mississauga
8.Maggie X （暖炉/热水炉）Oakville

10. Shuyin (furnace) Richmond Hill
11.往事如风：暖炉(oakville)
12.哲学：暧炉
13. Lei Wei：暖炉（Hamilton）
🌹14.安德 furnace (Oakville）
15.Echo Chen （ Burlington）
16.Julia Chen (Oakville）
🌹17.婧丫头麻麻（暖气）（Oakville）
18.Judy 冷气（Mississauga)
19.Apple 甯：暖炉空调 （Oakville）(5-19安装）
20.Haihong海虹 （Mississauga)
21.天上所有的星 空调 Mississauga
22. Henry Cai (暖炉/空调) Oakville
23. Angela (暖炉/热水炉) Mississauga 
24. Sandra (暖炉）Mississauga 
25.娟子华
26.太阳鸟  (热水炉与暖炉)
27.养眼 (暖炉2)
28.阿飞哥 （暖炉和热水炉）
29.ying (暖炉 Markham)
30.Yana(热水炉，暖炉，空调)Oakville
31.如意（暖炉，Markham）
32.
33.
34.
35.
36.
37.
38.
39.
40.",0,0,0,0,0,0,1,1,0,0,0
"Mary","我想要tank的，什么价格呀？",0,0,0,0,0,0,1,1,0,0,1
"娟子华","暖炉/空调 免费评估接龙：（评估完了的，我前面放朵🌹，是为了自己别弄重复了，木有别的含义😂）
🌹1. 静:(暖炉/热水炉）oakville 
🌹2.小杨:(空调/暖炉/热水炉）oakville 
3.航：(暖炉/空调）Hamilton 
🌹4. 不懂:(暖炉/热水炉）Newmarket 
🌹5. Lanya  （暖炉）
🌹6.nana 
7.Grace (furnace &water tank) Mississauga
8.Maggie X （暖炉/热水炉）Oakville

10. Shuyin (furnace) Richmond Hill
11.往事如风：暖炉(oakville)
12.哲学：暧炉
13. Lei Wei：暖炉（Hamilton）
🌹14.安德 furnace (Oakville）
15.Echo Chen （ Burlington）
16.Julia Chen (Oakville）
🌹17.婧丫头麻麻（暖气）（Oakville）
18.Judy 冷气（Mississauga)
19.Apple 甯：暖炉空调 （Oakville）(5-19安装）
20.Haihong海虹 （Mississauga)
21.天上所有的星 空调 Mississauga
22. Henry Cai (暖炉/空调) Oakville
23. Angela (暖炉/热水炉) Mississauga 
24. Sandra (暖炉）Mississauga 
25.娟子华(暖炉)
26.太阳鸟  (热水炉与暖炉)
27.养眼 (暖炉2)
28.阿飞哥 （暖炉和热水炉）
29.ying (暖炉 Markham)
30.Yana(热水炉，暖炉，空调)Oakville
31.如意（暖炉，Markham）
32.
33.
34.
35.
36.
37.
38.
39.
40.","风景这边独好",0,0,0,6,0,1,1,0,0,0
"lilin","@tlc ... 谢谢",0,0,0,0,0,0,1,1,0,0,1
"tlc...","[奸笑][奸笑]ヽ(ﾟ∀ﾟ)ﾉ!",0,0,0,0,0,0,1,1,0,0,1
"Eleven",1,0,0,0,0,0,0,1,1,0,0,1
"shwa",1,0,0,0,0,0,0,1,1,0,0,1
"Yuhua","谢谢",0,0,0,0,0,0,1,1,0,0,1
"Niki",1,0,0,0,0,0,0,1,1,0,0,1
"前端大叔","2018 浅谈前端面试那些事","较忙，有事直接说",0,0,0,7,1,1,1,0,0,1
"俊哥","locales这个字段未定义",0,0,0,0,0,0,1,1,0,0,1
"风","dollar店就有卖的",0,0,0,0,0,0,1,1,0,0,1
"JackYang","请问用过屋顶保温火绵补贴，是否还可以得到暖炉补贴。[Salute]",0,0,0,0,0,0,1,1,0,0,1
"WenXiuXuan","请问房屋保险是租客交吗？","苟富贵 勿相忘",0,0,1,6,0,1,1,0,0,1
"多伦多全职人脉银行","如果你的生命仅剩最后的几个月了，你会为你的孩子留下什么？本书作者布鲁斯在生活如日中天的时候，被确诊患上罕见的癌症：骨肉瘤。他意识到，可能没办法看着一对双胞胎女儿长大，就要在她们的生命中匆匆退场了。他怎么忍心就这样放下两个女儿撒手人寰呢？于是，他萌生出了“爸爸军团”的念头。“爸爸军团”由六位作者布鲁斯最欣赏与信赖的朋友组成。如果“那一天”真的降临了，这几位“爸爸”将承担起重任，代替布鲁斯，成为他在这个世上的声音，将他不能教给女儿们的人生功课传授给她们……

周日十一点，让我们一起分享这部感人至深的《爸爸军团》，同时也倾听现场两位父亲讲述以下几个方面的故事：
1. 发現和了解孩子
2  带他们出去时，有意挑战
3. 提供和创造环境
4. 如果他们考试结果不理想，只问他们知道是怎么错的就够了
5. 翻转式教育对孩子的影响

时间：2018.4.29 11am

地点：650 HWY7 East Richmond Hill（点点教育，喜来登副楼留一手火锅楼上）

报名短信：647-705-8964","人脉，創業快速通道",0,0,0,8,1,0,1,0,0,0
"At","2018年，web前端开发应该怎么学？","Top",3,0,0,0,0,1,1,1,1,1
"💐Carmen🎉","@J-soap  如果只换空调可以补助吗？补助多少？",0,0,0,0,0,0,1,1,0,0,1
"快乐房子","找钥匙，开宝箱！你行你来！",0,0,0,0,0,0,1,1,0,0,0
"梁勇"," 今晚8点半 Hellobi Live视频直播 1小时学会建立信用评分卡（金融数据的小分析-Python）https://edu.hellobi.com/course/265  内容：1、金融数据的大分析与小分析 2、金融数据科学家的视野与深度  3、作为金融数据科学中枢的Python  4、甜点-个人贷款评分卡案例 （业务理解、数据理解、维度分析与构建衍生变）",0,0,0,0,0,0,1,1,0,0,0
"劳神","西红柿听音乐，一年结果一万七——植物也有灵性啊！","老沈的公众号：9966",0,4,0,6,1,0,1,1,1,0
"女司机发广告挣油钱","如果你的生命仅剩最后的几个月了，你会为你的孩子留下什么？本书作者布鲁斯在生活如日中天的时候，被确诊患上罕见的癌症：骨肉瘤。他意识到，可能没办法看着一对双胞胎女儿长大，就要在她们的生命中匆匆退场了。他怎么忍心就这样放下两个女儿撒手人寰呢？于是，他萌生出了“爸爸军团”的念头。“爸爸军团”由六位作者布鲁斯最欣赏与信赖的朋友组成。如果“那一天”真的降临了，这几位“爸爸”将承担起重任，代替布鲁斯，成为他在这个世上的声音，将他不能教给女儿们的人生功课传授给她们……

周日十一点，让我们一起分享这部感人至深的《爸爸军团》，同时也倾听现场两位父亲讲述以下几个方面的故事：
1. 发現和了解孩子
2  带他们出去时，有意挑战
3. 提供和创造环境
4. 如果他们考试结果不理想，只问他们知道是怎么错的就够了
5. 翻转式教育对孩子的影响

时间：2018.4.29 11am

地点：650 HWY7 East Richmond Hill（点点教育，喜来登副楼留一手火锅楼上）

报名短信：647-705-8964","人生如只如初見",0,0,0,7,0,1,1,0,0,0
"楚·王🐾",1,0,0,0,0,0,0,1,1,0,0,0
"IvyHe","@陈(michael) 请问你房子是经纪出租的吗？还是自己租","一家人平安健康是最大的财富。",0,0,0,13,1,1,1,0,0,1
"Tom宓文涛*Besmart","提供Carpool：
4月27日周五晚6:30多伦多出发到温莎
4月29日周日晚7:00温莎出发到多伦多
647-270-0240
",0,0,0,0,0,0,1,1,0,0,0
"高兴","我装修，物业说要收2500垃圾清运费，我说我自己找人清运垃圾，他们也没有反对。之后就各种找茬，没完没了……","妈妈，你是我的小仙女",0,0,0,9,1,1,1,0,0,1
"Neil","有没有现场直播","似是故人来",0,0,0,5,0,1,1,0,0,1
"kevin","https://www.blogto.com/sports_play/2018/04/flyboard-niagara-air-toronto/","至今也没弄清活着的意义。所以要一直活下去",0,0,0,19,1,1,1,0,0,1
"Winnie","@Mavis 你好，我在，不好意思，刚非常忙，美妈们陆陆续续来搬东西走，没能及时回复你","赛过岁月，赢回青春！
Change my words, Change my world.",26,0,6,8,4,1,1,4,6,0
"huan","@囍辣售货员 请问是什么时间可以取？",0,0,0,0,0,0,1,1,0,0,1
"小杨同学","😱","梦里寻梦",0,0,0,4,0,1,1,0,0,1
"Moon","需要4月28周六早上730am，温莎去底特律机场的Carpool。",0,0,0,0,0,0,1,1,0,0,1
"相卓然🇨🇳","@Moon ",0,0,0,0,0,0,1,1,0,0,1
"linaliu","@三宝妈---阿胶糕代理 有什么建议吗？",0,0,0,0,0,0,1,1,0,0,1
"卡普","提供5-2号温莎去多伦多卡普","平和  处变不惊",0,0,2,6,0,1,1,0,0,0
"steventtyy","提供5-2号温莎去多伦多卡普","平和  处变不惊",0,0,2,6,0,1,1,0,0,0
"谢（专业室内外装修）","密碼 ",0,0,0,0,0,0,1,1,0,0,0
"''EEEileeN","你好 想问下5月底或6月初-6月底或7月初。香港/广州-多伦多 往返 机票价格","<span class=""emoji emoji1f495""></span>你若盛开 蝴蝶自来",24,4,3,8,8,0,1,4,5,1
"代购群主","家家送诚邀您参与测试，不限低消，1件物品也包邮
     3月31日家家送网站正式上线测试。

     为了研究出一套低价便民的配送系统，现邀请您参与测试，参与方式为自主注册。

     测试期间，网站消费不设最低消费额，加拿大全境邮费全免，一件物品也包邮。

     家家送目前上线的产品种类有休闲零食，方便速食，粮油调味，美妆护肤等。

     家家送-生活必备，只为不便出行的你。



https://jiajiasong.ca/news/1/?from=singlemessage&isappinstalled=1

家家送，生活必备



https://jiajiasong.ca/
","幸福额度",0,0,0,4,0,1,1,0,0,0
"金泰旅游-Amelia","香港先到多伦多是吗",0,0,0,0,0,0,1,1,0,0,1
"相卓然","提供周一（4.30）上午温莎去多伦多dt顺风车，沿途都可送，请电话647 879 5668",0,0,0,0,0,0,1,1,0,0,0
"Ligeia*~🇨🇦","你妈还在坚持用手洗碗吗？手洗碗的耗水量是洗碗机的5倍！洗碗机帮你每年节约50%的钱！","多伦多",0,0,0,3,0,1,1,0,0,0
"杰","请问，旅游签证。入境之后多久之内可以买保险呢？比如入境超过一月个，还能买保险吗？","一切的快乐全部是利他而产生，所有的痛苦全部是自我执著而产生。",0,0,0,28,2,1,1,0,0,1
"Judy(游学夏令营)","多伦多超市&amp;amp;Outlet促销海报抢先看：4月27-5月3日",0,0,0,0,0,0,1,1,0,0,0
"陆🇨🇳南通",1,"Proper preparation solves 80 percent of life's problems.",45,2,7,0,2,1,1,9,9,1
"勤劳卡普老司机🤔","[捂脸]Amazon不就才7块钱么。。。","It will be better than before. ",24,0,6,0,1,1,1,6,6,1
"FrankeeXu","@于戎伟-法律顾问【房东房客纠纷】 邻居讲垃圾桶放我这边，怎么办？",0,0,0,0,0,0,1,1,0,0,1
"AmyWang","今日热点 I 和尚娶名模遭起底 年收人上亿拥多辆豪车(多图)","生如夏花之灿烂，死如秋叶之静美！",0,0,0,14,2,1,1,0,0,0
123,"暖炉/空调 免费评估接龙：（评估完了的，我前面放朵🌹，是为了自己别弄重复了，木有别的含义😂）
🌹1. 静:(暖炉/热水炉）oakville 
🌹2.小杨:(空调/暖炉/热水炉）oakville 
3.航：(暖炉/空调）Hamilton 
🌹4. 不懂:(暖炉/热水炉）Newmarket 
🌹5. Lanya  （暖炉）
🌹6.nana 
7.Grace (furnace &water tank) Mississauga
8.Maggie X （暖炉/热水炉）Oakville

10. Shuyin (furnace) Richmond Hill
11.往事如风：暖炉(oakville)
12.哲学：暧炉
13. Lei Wei：暖炉（Hamilton）
🌹14.安德 furnace (Oakville）
15.Echo Chen （ Burlington）
16.Julia Chen (Oakville）
🌹17.婧丫头麻麻（暖气）（Oakville）
18.Judy 冷气（Mississauga)
19.Apple 甯：暖炉空调 （Oakville）(5-19安装）
20.Haihong海虹 （Mississauga)
21.天上所有的星 空调 Mississauga
22. Henry Cai (暖炉/空调) Oakville
23. Angela (暖炉/热水炉) Mississauga 
24. Sandra (暖炉）Mississauga 
25.娟子华(暖炉)
26.太阳鸟  (热水炉与暖炉)
27.养眼 (暖炉2)
28.阿飞哥 （暖炉和热水炉）
29.ying (暖炉 Markham)
30.Yana(热水炉，暖炉，空调)Oakville
31.如意（暖炉，Markham）
32.霍东辉（暖炉)oakville 
33.Paul w(暖炉:Scarborough 
34.Yuki （暖炉，热水炉：Richmond hill）
35.
36.
37.
38.
39.
40.","珍惜拥有的......",0,0,0,5,6,1,1,0,0,0
"杜若","@杰 好像可以买  但应该有一周左右的等待期  ",0,0,0,0,0,0,1,1,0,0,1
"weer","毕业证成绩单，学历学位认证，大使馆认证加V信:guwen2018",0,0,0,0,0,0,1,1,0,0,0
"安德","@J-soap  请问 tankless water heater 具体型号",0,0,0,0,0,0,1,1,0,0,1
"中国崖柏根雕艺术收藏协会","大家好！好消息！郎豪坊瓷器展限量花瓶五十个做特价，亏本价10元4个限三天，卖完为止，先来先得！抓紧抢购！","树欲静而风不止，子欲养而亲不待",0,0,0,14,1,1,1,0,0,0
"天际提拉米苏","【精选讲座】手把手教您旅游签转学签办理移民，享用更多福利！","大吉大利，坐抢红包!",0,0,0,8,2,1,1,0,0,1
"fioooooooo","想要时间过得快，就来消一消方块！",0,0,0,0,0,0,1,1,0,0,0
"Rosson🍁","求个29号下午温莎去多伦多的carpool","规律生活，做完每天该做的",0,0,0,11,1,1,1,0,0,1
"媛_千与千寻","菜单有小改动 请注意。每周四晚10点截单
取货地点：（可以在两个地方。地点A 30 Brightside Ave. Richmond hill. L4e0p6. 地点B 38 willow heights blvd, Markham ON L6C 0X8。 ）A或者B  下单时请标明。好消息👉🏻❇囍辣❇👈🏻试营业了 喜欢吃辣的亲们一定不要错过啊 小店经营鸭货、螃蟹、小龙虾、鲍鱼等十多种产品，敬请您的光临，试营业间大放价全场8.5折，联系群主自取！
1⃣️麻辣小龙虾$14.99
2⃣️麻辣牛肉干$14.99
3⃣️麻辣花蛤$7.99
4⃣️花螺$15.99
5⃣️麻辣鲜虾$9.99
6⃣️麻辣沙孟鱼$9.99
7⃣️麻辣鸭脖$6.99
8⃣️麻辣小鲍鱼$19.99
9⃣️麻辣鸭脚$4.99
🔟麻辣鸭舌$24.99
11.藕片 $4.99 
12. 金针菇$5.99 
13. 海带丝 $4.99
14. 鸡脆骨 $9.99
🍺🍺🍺🍺🍺🍺🍺🍺🍺🍺
1. 
2. 小妖 麻辣鲜虾*1，藕片*1，麻辣鸭脚*1，A
3. ShelleyT 麻辣鲜虾*1，藕片*1，麻辣鸭脚*1，A（欠7块）
4. wawa 鸭脚 2 A
5. nightingale 鸭脚4 鸡脆骨1 A
6. Yue 鸭脚 2盒，金针菇 1盒 牛肉干1盒
7.雪鸥 牛肉干1盒
8. 媛媛 藕片1盒、花蛤3份、沙孟鱼2份、鸭脖2盒
9.
10.
11.
12.
13.
14.
15. —周五中午12点截单","Life's a game,rule no.1:this is not a game,this is serious.",43,1,9,0,6,1,1,11,15,0
"💝梅子💝","@anna ～🇨🇦 我在yonge/steeles这边，你什么时候离这边近点，我们约一下，我过去取[偷笑]",0,0,0,0,0,0,1,1,0,0,1
"Allie","@anna ～🇨🇦 还以为今天能看到你[偷笑]下周来吗？","Do unto others as you would have them unto you. ",37,0,10,0,1,1,1,8,10,1
"Stephy🏠多伦多房地产","现在一看到乱七八糟的东西就是@🏎 ꯭ G ꯭ A ꯭ G ꯭ C ꯭ 💨 你发的","多伦多及大瀑布地区房产投资顾问 租赁管理好帮手",0,0,1,22,0,0,1,0,0,0
"婧丫头麻麻","@J-soap  操不完的心[捂脸][捂脸][玫瑰][玫瑰]","I enjoy quality literature, not lightweight bestsellers.",48,0,6,0,2,1,1,7,7,1
"静","哈哈哈哈","得而普之",0,0,0,4,0,1,1,0,0,1
"Ewon","提供
4月27日明天， 温莎-Hamilton-St Catherine，上午出发5月6日星期日，多伦多➡温莎，傍晚出发。","做一个有趣的人",0,0,0,7,0,1,1,0,0,0
"金岚园艺☎️6475258592","大家有没有好的家政公司可以推荐的啊？","身正不怕影子斜",0,0,0,7,0,1,1,0,0,1
"包包🇨🇳🇨🇦","暖炉/空调 免费评估接龙：（评估完了的，我前面放朵🌹，是为了自己别弄重复了，木有别的含义😂）
🌹1. 静:(暖炉/热水炉）oakville 
🌹2.小杨:(空调/暖炉/热水炉）oakville 
3.航：(暖炉/空调）Hamilton 
🌹4. 不懂:(暖炉/热水炉）Newmarket 
🌹5. Lanya  （暖炉）
🌹6.nana 
7.Grace (furnace &water tank) Mississauga
8.Maggie X （暖炉/热水炉）Oakville

10. Shuyin (furnace) Richmond Hill
11.往事如风：暖炉(oakville)
12.哲学：暧炉
13. Lei Wei：暖炉（Hamilton）
🌹14.安德 furnace (Oakville）
15.Echo Chen （ Burlington）
16.Julia Chen (Oakville）
🌹17.婧丫头麻麻（暖气）（Oakville）
18.Judy 冷气（Mississauga)
19.Apple 甯：暖炉空调 （Oakville）(5-19安装）
20.Haihong海虹 （Mississauga)
21.天上所有的星 空调 Mississauga
22. Henry Cai (暖炉/空调) Oakville
23. Angela (暖炉/热水炉) Mississauga 
24. Sandra (暖炉）Mississauga 
25.娟子华(暖炉)
26.太阳鸟  (热水炉与暖炉)
27.养眼 (暖炉2)
28.阿飞哥 （暖炉和热水炉）
29.ying (暖炉 Markham)
30.Yana(热水炉，暖炉，空调)Oakville
31.如意（暖炉，Markham）
32.霍东辉（暖炉)oakville 
33.Paul w(暖炉:Scarborough 
34.Yuki （暖炉，热水炉：Richmond hill）
35.包包 暖炉，空调Mississauga
36.
37.
38.
39.
40.","南無阿彌陀佛。",0,0,0,6,1,1,1,0,0,0
"小胖","欢迎新同志[嘿哈]","公众号：前端JavaScript<span class=""emoji emoji1f1e81f1f3""></span>
分享｜学习｜交流｜原创
<span class=""emoji emoji1f42c""></span>坚持做好一件事",62,9,6,20,20,0,1,6,11,0
"金鱼公主","欢迎👏👏👏","<span class=""emoji emoji1f463""></span> 真的是单身狗 别再问了",24,4,4,10,8,0,1,4,5,1
"GuoShu","Sorry, maybe next this time",0,0,0,0,0,0,1,1,0,0,1
"🙉Vincent🙈","求carpool：5月四号，周五，早上8点，温莎到多伦多机场的carpool，2个箱子，一个人",0,0,0,0,0,0,1,1,0,0,1
"发广告挣菜钱","多伦多点点数字货币俱乐部将于本周六，四月二十八日正式成立，出席典礼的除了多伦多币圈大佬及众多数字货币爱好者之外，点点国际教育集团还邀请到一位重量级嘉宾：曹总 加拿大蒙特利尔IT协会会长。曾任多家五百强公司（IBM, SAP,Autodesk, Expedia等）核心研发管理。加拿大Concordia大学电子工程硕士。Nebula AI 人工智能区块链创始人。Nebula AI是第一条落地的人工智能区块链，其核心引擎搭载多种生物医学人工智能应用，与Mcgill 等著名医学高校密切合作研发。

成立大会将讨论区块链及数字货币的现状和未来，ICO的游戏规则和法律边界，各国对数字货币和交易平台如何监管等话题，中午有简餐🍱饮料，欢迎广大区块链和数字货币爱好者参加。

时间：2018.4.28 11:30am

地址：650 HWY7 East Unit303 Richmond Hill（重庆刘一手同楼）

报名短信：647-705-8964",0,0,0,0,0,0,1,1,0,0,0
"DoOneDoWell",1,"change everything you can change ！",28,0,5,0,1,1,1,4,5,1
"思","That's ok. no worries. anytime Let me know ",0,0,0,0,0,0,1,1,0,0,1
"MaggieX🌱🌷","吓死宝宝了",0,0,0,0,0,0,1,1,0,0,1
"老谭",1,"心中无恨
脑中无忧
生活简单
多些付出
少些期待",0,0,4,20,0,1,1,0,0,1
"丽娜～加拿大","亲！[嘴唇] 需要做微信推广吗？

快速提高销售业绩的方法来了，让几十万消费者有机会看见贵公司的广告！🚀","“在天愿做比翼鸟，在地愿为连理枝”",0,0,0,14,3,1,1,0,0,0
"David",1,"学而不信，听而不闻，知而不怯，感而不动，行路而举灯，灭而重生",0,0,0,25,5,1,1,0,0,1
"NewAsahi群主","欢迎","明白也好",0,0,0,4,0,1,1,0,0,0
"Jason（精诚园艺）","@New Asahi 群主 今晚过来吗","（精诚园艺）专业户外工作 车道铺砖 后院 花坛 灯柱 木台 ",0,0,6,22,2,0,1,0,0,0
"Bill","便宜出兔笼 兔草和兔子用具，有意可私聊",0,0,0,0,0,0,1,1,0,0,0
"lin",1,"新的一年，加油！",0,0,0,6,2,1,1,0,0,1
"酱油","轻松一点，领五一出行路费！",0,0,0,0,0,0,1,1,0,0,0
"🐈ねこせんせい","[白眼]","本人已卸载微信，有事第六感联系",0,0,0,14,1,1,1,0,0,1
"河北智库传媒","河北广宗、故城两县县委书记因扶贫领域问题被免职_中国政库_澎湃新闻-The Paper","河北智库传媒是河北第一台舆论谣言粉碎机，舆情管理系统就在智库",0,0,0,29,1,1,1,0,0,0
"A乐子🌚","竟然有这种操作？我要了解一下！😱 ",0,0,0,0,0,0,1,1,0,0,1
"尹翠云","什么操作？","父母是山，轻轻倚靠，内心安稳
父母是山，我需长大，陪伴左右",0,0,1,24,4,1,1,0,0,1
"文奎","暖炉/空调 免费评估接龙：（评估完了的，我前面放朵🌹，是为了自己别弄重复了，木有别的含义😂）
🌹1. 静:(暖炉/热水炉）oakville 
🌹2.小杨:(空调/暖炉/热水炉）oakville （已安装）
3.航：(暖炉/空调）Hamilton 
🌹4. 不懂:(暖炉/热水炉）Newmarket 
🌹5. Lanya  （暖炉）
🌹6.nana （7年暖炉-不用换）
7.Grace (furnace &water tank) Mississauga
🌹8.Maggie X （暖炉/热水炉）Oakville

10. Shuyin (furnace) Richmond Hill
11.往事如风：暖炉(oakville)
12.哲学：暧炉
13. Lei Wei：暖炉（Hamilton）
🌹14.安德 furnace (Oakville）
15.Echo Chen （ Burlington）
16.Julia Chen (Oakville）
🌹17.婧丫头麻麻（暖气）（Oakville）（已安装）
🌹18.Judy （新房）冷气（Mississauga)
19.Apple 甯：暖炉空调 （Oakville）(5-19安装）
20.Haihong海虹 （Mississauga)
21.天上所有的星 空调 Mississauga
🌹22. Henry Cai (暖炉/空调) Oakville
23. Angela (暖炉/热水炉) Mississauga 
24. Sandra (暖炉）Mississauga 
25.娟子华(暖炉)
26.太阳鸟  (热水炉与暖炉)
27.养眼 (暖炉2)
28.阿飞哥 （暖炉和热水炉）
29.ying (暖炉 Markham)
30.Yana(热水炉，暖炉，空调)Oakville
31.如意（暖炉，Markham）
🌹32.霍东辉（7年暖炉-不用换）oakville 
33.Paul w(暖炉:Scarborough 
34.Yuki （暖炉，热水炉：Richmond hill）
35.包包 暖炉，空调Mississauga
36. melissa 热水炉，暖炉，空调)Oakville
37.Annie 热（暖炉，热水炉）mississauga
38.文奎 （暖炉，热水炉）mississauga
39.
40.6","随遇而安",0,0,0,4,0,1,1,0,0,0
"XiulinPeng","晚进群，没看到价格？麻烦重发价格和公司信息，谢谢！",0,0,0,0,0,0,1,1,0,0,1
"吉块瑞","[咖啡][咖啡]各位企业家老板注意啦！
4月29号（周日上午8：30）由河南慧憬实业主办的【互联网+股权顶层设计】精品沙龙研讨会
学习内容是：
①股权设计：合理划分合伙企业股权架构，避免股东纠纷散伙！
②股权激励：锁定高管核心人员，吸引优秀人才，激发员工动力，从根本上解决人才流失问题，从而企业业绩倍增 老板身心解放！
③股权融资：融人 融钱 融资源，让您的企业资金不再短缺！
地址：郑州市东风南路榆林北路【郑州高铁东站对面】绿地中心双子塔南塔22层
报名电话:15638218167慧憬股权 清波
主讲：慧憬集团董事局总裁 刘彦辉
欢迎您过来参加！
报名入口：http://event.51bmb.com/event/kpr8j1389f1","慧憬股权-致力于中小企业的发展壮大！财富热线:15638218167",0,11,0,20,3,1,0,1,1,0
"APPLE甯","这个是公司评估，他觉得换了可以拿到补贴，你也愿意换，他会让评估公司上门评估",0,0,0,0,0,0,1,1,0,0,1
"Tim.","@阿祝 促销产品 和原价549那一套一模一样 就一个大电池一个小电池","人行水穷处，坐起云起时。",0,0,0,10,2,1,1,0,0,1
"JoeHuang","jre系列",0,0,0,0,0,0,1,1,0,0,1
"CD","@Yan 没找到的话，可以联系我。",0,0,0,0,0,0,1,1,0,0,1
"TonyZhao",1,"开朗，乐观",0,0,0,4,1,1,1,0,0,1
"allansun","晚上有局吗",6478645564,0,10,0,0,0,1,0,1,1,1
"Yali","房子确实不算普通消费品。法律上是有明确的界定。签了合同单方不执行造成的损失里面前后差价的部分肯定是要补偿的。",0,0,0,0,0,0,1,1,0,0,1
"高手遍地","@frank_f-oakville 视频中是否感觉到弧圈球摩擦不够？","善良便被得寸进尺，软弱便被狠心欺骗，正直便被道德压榨：断舍离",0,0,0,27,3,1,1,0,0,1
"Ming","有朋友在多伦多或密市或Waterloo 买旧房加大翻新吗，自住及出租一段时候然后买出吗？有什么经验可以分享还是有另外的群？","Cooking",7,0,0,0,0,1,1,1,1,1
"eugene装修",1,"风看不见，却存在。有些东西你看不见也不代表它不在。",0,0,0,22,3,1,1,0,0,1
"👻👻👻","成人2张机票，大概5月底来，2个星期，广州白云机场飞多伦多","！！！",0,0,0,0,3,1,1,0,0,1
"谢慧妍麻麻","@Tony Zhao 真的假的","爱自己，才能去爱身边的人。",0,0,0,11,2,1,1,0,0,1
"LeeZhang","@WenXiuXuan 合同是有法律效应的。那买家如果买的时候120万，交接的时候涨到200万了，卖家不还是得交接吗？卖家不交接，买家也可以告啊。公平！",0,0,0,0,0,0,1,1,0,0,1
"Daniel名家金融房貸","这种情况告的话怎么算损失？",0,0,0,0,0,0,1,1,0,0,1
"加渡法律移民","🇨🇦 🇨🇦  ‼️ ‼️ NSNP 新省快速通道紧缺职位省提名将于明天上午9点左右开放，届时将有350名申请人获得邀请，受邀的申请人将在快速通道评分系统CRS中取得600分格外加分。要求是，申请人需要取得至少67分的总分。⚠ 想知道自己分数的朋友可以点击链接自己测评，公众号里有NS紧缺职位列表，大家可以关注查看⚠ ⚠ ⚠","ICCRC移民顾问 paralegle法律服务",14,0,1,8,0,0,1,2,2,0
"Liping","@Jeff💯温莎Honda 地址在哪里，有网站可以看吗？[微笑]","whatever",8,0,0,0,0,1,1,1,1,1
"Jeff💯温莎Honda","7180 Tecumseh Rd E, Windsor, ON N8T 1E6","<span class=""emoji emoji1f341""></span>既然选择了远方<span class=""emoji emoji1f341""></span>便只顾风雨兼程<span class=""emoji emoji1f341""></span><span class=""emoji emoji1f341""></span>🇨🇦<span class=""emoji emoji1f341""></span>",120,20,10,14,42,0,1,4,25,1
"瘦林Lynne"," 求5.2号或5.3号温莎去多伦多的carpool，有偿带物。","猫是人类的朋友。",0,0,0,7,1,1,1,0,0,1
"中英文双语家长市中心长短寄宿","@房东群村助 能否请教，讨论下Homestay 的税务问题 谢谢您",0,0,0,0,0,0,1,1,0,0,1
"coco雯",1,0,0,0,0,0,0,1,1,0,0,1
"北美群发小帮手合理收费","家家送诚邀您参与测试，不限低消，1件物品也包邮
     3月31日家家送网站正式上线测试。

     为了研究出一套低价便民的配送系统，现邀请您参与测试，参与方式为自主注册。

     测试期间，网站消费不设最低消费额，加拿大全境邮费全免，一件物品也包邮。

     家家送目前上线的产品种类有休闲零食，方便速食，粮油调味，美妆护肤等。

     家家送-生活必备，只为不便出行的你。



https://jiajiasong.ca/news/1/?from=singlemessage&isappinstalled=1

家家送，生活必备



https://jiajiasong.ca/
","岁月静好",0,0,0,4,0,1,1,0,0,0
"Victoria",1,"𓆝𓆟𓆜𓆞𓆡",0,0,0,5,0,1,1,0,0,1
"Ekee","有沒有現在去dmall的carpool
一人","The good the bad the ugly",20,0,5,0,0,1,1,5,6,1
"淡定的圣三金","@Ekee ",0,0,0,0,0,0,1,1,0,0,1
"纪帆","求一个明天去底特律的卡普","哈！哈！哈！",0,0,0,3,3,1,1,0,0,1
"骆骆","这个多少钱?",0,0,0,0,0,0,1,1,0,0,1
"GracePeng","大家周末愉快。暑假想去Spain 和Portugal, 想看看群里的朋友们有没有线路和酒店推荐，谢谢[呲牙]","Mercy and Grace",13,0,2,0,0,1,1,3,3,1
"静夜思","有个问题","人性，坦荡得一如清水时，就会看到最美的东西。",0,0,0,19,3,1,1,0,0,1
"NatalieFan","我想换furnace和AC 1200尺townhouse Missisauga，麻烦群主给介绍一下适合哪个型号多少$ 谢谢@J-soap  ","一切有为法 如梦幻泡影 如露亦如电 应作如是观",0,0,3,20,0,1,1,0,0,1
"EverestGao","提供今天下午3点半多伦多回温莎，还有一个位子","向来痴，从此醉",0,0,0,6,1,1,1,0,0,0
"Joanna🐎","我想问一下 如果现在住在加拿大 还需要加拿大的police certificate嘛 ","生活不是看到希望才会坚持，而是坚持了才会看到希望～",0,0,0,23,2,1,1,0,0,1
"Anna：（橱柜美容）","群友們我想问一下装修洗手间你們是怎樣收费的、因為我好几个客戶都问我们做不做？我们又不知道價格多少、你们是按尺寸收费嗎","女人的幸福取決于你跟了怎樣的男人：",0,0,0,16,1,1,1,0,0,1
"JayLee","小姐姐小哥哥们玩到停不下来！","如果你真的要了解我，请不要从别人那边口中了解我！",0,0,0,22,2,1,1,0,0,0
"👹Simon👹","你真的是太社会了 乐乐",0,0,0,0,0,0,1,1,0,0,1
"VPEA多伦多留学移民小助手","需要的","留学服务小助手 解决升学 移民 签证 等问题 加好友了解更多资讯",0,0,5,27,0,0,1,0,0,0
"Anson","很多","夜幕降临，整个城市都静了下来，霓虹初现, 万家灯火。",0,0,1,21,4,1,1,0,0,1
"kennylee","我全家天天都收到大使馆电话   
前几天更离谱变中国那边电话打出来的大使馆",0,0,0,0,0,0,1,1,0,0,1
"天善智能@高阔.¹⁸🇨🇳","送外卖的数据科学家","为之，则难者亦易矣；不为，则易者亦难矣。",0,0,0,16,4,1,1,0,0,1
"甜心厨房sweet","N11表上有说明，不允许这样做@静夜思 ","手工蛋糕定制，健康美味用心。best cake in Toronto订购请戳微店",17,0,3,18,2,0,1,4,4,0
"Penny","@房东群村助 老板，能拉我进Barrie群吗？[Salute][Salute]","https:))youtu.be)idRevTkIPts",23,0,0,0,5,1,1,4,4,1
"Kristen","几点啊","不疯魔 不成活",0,0,1,6,0,1,1,0,0,1
"olivia","求 2号或3号到多伦多机场卡普","离去的都是风景，留下的才是人生。",0,0,0,14,2,1,1,0,0,1
"ElaineZhangCPA，报税服务","转一张Artiza store credit，602面额，9折",0,0,0,0,0,0,1,1,0,0,0
"孙翔","@J-soap  热水炉有 tank的吗？",0,0,0,0,0,0,1,1,0,0,1
"爱丽娜","lin200",0,0,0,0,0,0,1,1,0,0,1
"Arthur","ggr","难受的一笔向前爬",0,0,0,8,0,1,1,0,0,1
"Sunnio","求2号中午温莎出发去皮尔逊机场的carpool 两个人 四个箱子～",0,0,0,0,0,0,1,1,0,0,1
"Ben👍🇨🇦🇨🇳","求个下午去底特律机场的",0,0,0,0,0,0,1,1,0,0,1
"95**","联邦申请中， personal history : 要写18岁以后记录。 比如上大学期间，还用重复写在同一个时间内的兼职吗？","Im in Canada",10,0,2,0,0,1,1,3,3,1
"剁椒鱼头？！","求俩点从dmall去downtown的carpool","ybfl，d zh",7,0,1,0,1,1,1,3,3,1
"空调工程设计，大众汽车销售","@kenny lee 下次说习主席在你家吃饭，有啥事叫他亲自过来，顺便跟主席汇报工作[机智]"," ",0,0,1,0,0,1,1,0,0,1
"Cindy🍓臻程假期&amp;私人旅游订制","渥太华郁金香节豪华一日游","<span class=""emoji emoji1f353""></span>。只想要简单的幸福。<span class=""emoji emoji1f353""></span>",48,8,4,8,18,0,1,4,10,0
"🏖️CuddlyKyle","请问northyork或者markham有小猫寄养吗。5月23好就可以接回来。6个月的猫。",0,0,0,0,0,0,1,1,0,0,1
"航","[呲牙][呲牙][呲牙][呲牙][呲牙]","offline",7,0,0,0,0,1,1,1,1,1
"Tina好饿🍣","？？","好饿好饿好饿 我想吃火锅<span class=""emoji emoji1f372""></span>",24,4,3,11,8,0,1,4,5,1
"SunnyLi",1,"tomorrow is another day!",20,0,3,0,1,1,1,4,4,1
"LEE"," 🎉第十五团🎈应大家要求我们染发剂第 1️⃣5⃣️ 团开始啦[嘿哈]这好东东太受欢迎[强] 😄
意大利🇮🇹Herbatint 植物染发剂，含有8种有机植物成分，不含阿摩尼亚，不含帕拉苯，超低量过氧化氢, 不刺鼻无异味，皮肤科医生测试认可，敏感肌肤都适用，短发一盒可以用两次，男性短发用四次。不伤头皮和头发，无刺激味道。
团购价14 包税。请将自己选的色号标清楚😊💆
                        
1、胡英 5N、6Ｎ各一盒
2、Sherry Zhu 2N 两盒
3、Sharon 3N 一盒
4、Joey   6N  一盒
5、Annie   6N  一盒
6、Lilly song 2N 四盒3N三盒 1N一盒
7、LEE 5N 两盒
8、",0,0,0,0,0,0,1,1,0,0,0
"L","[L@我]安利这款游戏，脑子完全不够用，被虐的怀疑人生","侯少",0,0,0,2,0,1,1,0,0,0
"Selina_Lyh","求5月7号下午3点半左右多伦多机场接机回温莎的车","自信的是 那份镜头前的自在<span class=""emoji emoji1f60b""></span><span class=""emoji emoji1f60b""></span><span class=""emoji emoji1f60b""></span>……",75,9,7,12,26,0,1,4,15,1
"温莎Selina","求5月7号下午3点半左右多伦多机场接机回温莎的车","自信的是 那份镜头前的自在<span class=""emoji emoji1f60b""></span><span class=""emoji emoji1f60b""></span><span class=""emoji emoji1f60b""></span>……",75,9,7,12,26,0,1,4,15,1
"猪兔妈妈","暖炉/空调 免费评估接龙：（评估完了的，我前面放朵🌹，是为了自己别弄重复了，木有别的含义😂）
🌹1. 静:(暖炉/热水炉）oakville 
🌹2.小杨:(空调/暖炉/热水炉）oakville （已安装）
3.航：(暖炉/空调）Hamilton 
🌹4. 不懂:(暖炉/热水炉）Newmarket 
🌹5. Lanya  （暖炉）
🌹6.nana （7年暖炉-不用换）
7.Grace (furnace &water tank) Mississauga
🌹8.Maggie X （暖炉/热水炉）Oakville
🌹9.王锐（暖炉），oakville 
10. Shuyin (furnace) Richmond Hill
11.往事如风：暖炉(oakville)
12.哲学：暧炉
13. Lei Wei：暖炉（Hamilton）
🌹14.安德 furnace (Oakville）
15.Echo Chen （ Burlington）
16.Julia Chen (Oakville）
🌹17.婧丫头麻麻（暖气）（Oakville）（已安装）
🌹18.Judy （新房）冷气（Mississauga)
🌹19.Apple 甯：暖炉空调 （Oakville）(5-19安装）
20.Haihong海虹 （Mississauga)
21.天上所有的星 空调 Mississauga
🌹22. Henry Cai (暖炉/空调) Oakville
23. Angela (暖炉/热水炉) Mississauga 
24. Sandra (暖炉）Mississauga 
25.娟子华(暖炉)
26.太阳鸟  (热水炉与暖炉)
27.养眼 (暖炉2)
28.阿飞哥 （暖炉和热水炉）
29.ying (暖炉 Markham)
30.Yana(热水炉，暖炉，空调)Oakville
31.如意（暖炉，Markham）
🌹32.霍东辉（7年暖炉-不用换）oakville 
33.Paul w(暖炉:Scarborough 
34.Yuki （暖炉，热水炉：Richmond hill）
35.包包 暖炉，空调Mississauga
36. melissa 热水炉，暖炉，空调)Oakville
37.Annie 热（暖炉，热水炉）mississauga
38.文奎 （暖炉，热水炉）mississauga
39.孙翔(暖炉，热水炉)世家堡
40. 猪兔妈妈 ( 暖炉 热水炉) Mississauga 
41.
42.
43.
44.
45.
46.
47.
48.
49.
50.",0,0,0,0,0,0,1,1,0,0,0
"幸福的小汪狗","谢谢！","成佛做祖，非我所愿，stay simple, stay happy:)",19,0,3,8,5,1,1,3,4,1
"Momo慧✨V人生","@LEE 我们小区有人做小时工，但是不确定是不是可以带宝宝","热心朝阳群众",0,0,0,6,0,1,1,0,0,1
"Academy-Math&amp;Eng","@anna ～🇨🇦 , 有好的吸尘器团购吗？","现在最好",0,0,0,4,0,1,1,0,0,1
"Yvonne小荭@.@","求近期回国内有偿带物","你付出的善良里 藏着你未来的路",0,0,1,14,0,1,1,0,0,1
"XIXI.C🐑","提供周日温莎往返多伦多carpool，早温莎去多伦多，晚多伦多回温莎",0,0,0,0,0,0,1,1,0,0,0
"Ruicky🐷欣","@开开知道，群主宝宝 妈呀。昨天第一个本脑洞大开到我昨晚睡着了都梦到了穿越",0,0,0,0,0,0,1,1,0,0,1
"peter1810","是否意味着中央银行下次议息会涨呢？",0,0,0,0,0,0,1,1,0,0,1
"当上帝更过瘾","人造美女","🌬️ What Goes around Comes around",25,0,5,0,2,1,1,4,5,1
"取个好名字真难","去看波动球了吧",0,0,0,0,0,0,1,1,0,0,1
"I'mfine.","还有这种三陪服务的么","[希望我家的小黑小白能平安长大～]",0,0,0,14,3,1,1,0,0,1
"常夏","胸大屁股大[奸笑]","个人网站：summer-always.com",15,0,0,4,3,0,1,3,3,1
"梁先生","哈哈哈","<span class=""emoji emoji1f697""></span>北美名车专项受理——哥做的不是名车，做的是梦想！",24,4,2,20,12,0,1,4,5,0
"Henry韩昭","囍辣到家了 朋友们来取吧","东北虎烧烤王+囍辣",0,0,0,8,1,1,1,0,0,0
"⚡️Sammy⚡️","hps250不错","I never fear death or dying; I only fear never trying",42,0,10,0,1,1,1,8,11,1
"三百六十五王","开房打血流速来，房号111452","Dream of what you want and give it a try",31,0,9,0,0,1,1,10,10,1
"Terry",1,"悦悦是老大",0,0,0,5,0,1,1,0,0,1
"XH","窗帘绳子买个装上就行了，找人修不是贵就是免费，没法靠这赚钱吧[微笑]","the colder winter",15,0,2,0,0,1,1,3,3,1
"Elaine(滟)",1,0,0,0,0,0,0,1,1,0,0,1
"Yolanda最爱🍋茶","PC重磅 | 想做Data Analyst的你，SQL这种必备技能包还不了解一下？",0,0,0,0,0,0,1,1,0,0,0
"🐳","dt house，六月一号到八月二十六号租，包所有，近UT，RU，三分钟步行到Wellesley station，靠近各种超市，欢迎安静事少的女生","红红火火恍恍惚惚",0,0,0,8,0,1,1,0,0,0
"S_uyiiiiiii","@❤yarina❤ 你们没开啊？",0,0,0,0,0,0,1,1,0,0,1
"AND","有多余的牛肉干嘛？@Henry 韩昭 ",0,0,0,0,0,0,1,1,0,0,1
"❤yarina❤","@S_uyiiiiiii 啊！今天店没开啊","幸福就是如此！！！",0,0,0,6,3,1,1,0,0,1
"地产经纪-民居,土地,商场,工业园区","我总是收到声称是中国大使馆打来的电话。每次，我都是没听完就把它给关掉了。一听就知道是骗子打来的。之后，就把他给屏蔽掉了。","上善若水，厚德载物。",0,0,0,8,2,1,1,0,0,1
"Monsoonelf","推荐hps的课 真的啊没有一门不水的[捂脸]","我心中有一个宝藏，它空无一物，它也价值千金。",0,0,0,19,3,1,1,0,0,1
"Pennnnnnnnnnnnny","多元求个carpool","         浮云吹作雪 世味煮成茶",0,0,10,10,0,1,1,0,0,1
"jimWang","【好友向你求助】求赠送免费金币，就差一点就赢了！",0,0,0,0,0,0,1,1,0,0,1
"😖C😖","我这些穷孩子 默默的在看着土豪们玩耍","我很好 im fine 나는 괜찮아.<span class=""emoji emojiae""></span>️",31,0,6,8,10,0,1,6,7,1
"亨利yang","我这些穷孩子 默默的在看着土豪们玩耍+1",0,0,0,0,0,0,1,1,0,0,1
"EricL💪","提供四月三十号星期一早上八点温莎到多伦多Carpool",0,0,0,0,0,0,1,1,0,0,0
"👑","提供5.6回国有偿带物","一切都是最好的安排",0,0,0,9,0,1,1,0,0,0
"Grace","罚款$50,000+监禁2年+吊销驾照5年+6分","柳暗花明又一村",0,0,0,7,0,1,1,0,0,1
"黑洞","求五月14号下午从多伦多皮尔逊机场到温莎的卡普。飞机是15：15到，共三人。🙏","命运既然垂青于我们这些活着的人，那么它肯定不愿意我们苟过下去",0,0,0,29,1,1,1,0,0,1
"老西",1,"有人冒充我网名加好友骗钱，我真QQ609857451. 微信laoxicanada。",13,9,1,16,3,0,1,2,2,1
"MYBEAUTYSTUDIO",1,0,0,0,0,0,0,1,1,0,0,1
"noname","[帮转] 445 Randolph招租 五月一号一间二楼女生房 七月一号一楼一间房   房间干净 三个卫生间 两个厨房 近大学 房东和室友都很nice ",0,0,0,0,0,0,1,1,0,0,0
"黎某…某燊","185 Randolph Place 有房出租，5分钟到温莎大学，十分钟到商科楼和工程楼，house距离河边非常近（去河边跑步、散步都非常方便）。有非常大的客厅和饭厅，沙发、餐桌等家具一应俱全。后院很大，可以停多辆车，可以晒衣服和被子等，夏天可以在后院BBQ，房子很干净，房间有独立空调，包水电暖网，地下室有洗衣机和烘干机。出租信息：一楼一间卧室，大房间有独立卫浴，房租面谈。二楼大房间有独立卫生间，浴室和二楼的同学共享，房租面谈。二楼小房间，浴室和二楼的同学共享，房租350. 有短租需求可商量。PS：不能养宠物，不能在室内抽烟。价格面议。有意者添加微信号：1142412875  or limoumoushen5-8月份会有2个同学，楼下1个女生楼上1个男生，都是温莎大学的学生。以及一个工作的大叔。",0,0,0,0,0,0,1,1,0,0,0
"Jason张","Hps211不介意写点essay的话挺推荐的","Shoot for the moon",15,0,3,0,0,1,1,4,4,1
"🌈·Bonnie","别谈恋爱了，来弹球吧！","      Time tries all<span class=""emoji emoji2728""></span>      <span class=""emoji emoji1f340""></span>      ʚ爱ɞ   是一切的答案",59,8,27,9,16,0,1,8,13,0
"ElaineLu","还得看城市，上次去Seville,据说夏天会超热的","行到水穷处，坐看云起时。",0,0,0,10,2,1,1,0,0,1
"蘭","请问有谁可以提供York Region的出租房间？我朋友的儿子想租四个月以便他在Newmarket的短期工作。谢谢！","Chase dreams.",11,0,1,0,1,1,1,2,2,1
"Bwoah～","求一个 明天能搬家的皮卡","Much stronger and more ambitious in 2017<span class=""emoji emoji1f4aa""></span>",56,6,8,0,8,0,1,11,12,1
"IvyLiang最懂税务的地产Broker","这个群是安装冷气的吗？我需要尽快安装，找谁啊？","开心、知足",0,0,0,4,1,1,1,0,0,1
"yan","@蘭 什么时候开始，",0,0,0,0,0,0,1,1,0,0,1
"淡、","[有人@我]整个朋友圈都在玩&amp;lt;弹球王者&amp;gt;！主播们已经玩到停不下来！","不忘初心，方得始终",0,0,0,8,1,1,1,0,0,0
"🙈媚媚一笑のElyse梁梁🙉","谢谢分享@Ligeia*~🇨🇦 ","【幸运的人总能够把握意想不到的机会，从而为自己带来好运。】",0,0,0,25,4,1,1,0,0,1
"程序媛","300本计算机编程的经典书籍下载",0,0,0,0,0,0,1,1,0,0,0
"倚窗探梦-江西","今日早报:4月28日，星期六，农历三月十三","穿透雾霾背后的阳光、",0,0,0,9,1,1,1,0,0,0
"紫水晶","暖炉/空调 免费评估接龙：（评估完了的，我前面放朵🌹，是为了自己别弄重复了，木有别的含义😂）
🌹1. 静:(暖炉/热水炉）oakville 
🌹2.小杨:(空调/暖炉/热水炉）oakville （已安装）
3.航：(暖炉/空调）Hamilton 
🌹4. 不懂:(暖炉/热水炉）Newmarket 
🌹5. Lanya  （暖炉）
🌹6.nana （7年暖炉-不用换）
7.Grace (furnace &water tank) Mississauga
🌹8.Maggie X （暖炉/热水炉）Oakville
🌹9.王锐（暖炉），oakville 
10. Shuyin (furnace) Richmond Hill
11.往事如风：暖炉(oakville)
12.哲学：暧炉
13. Lei Wei：暖炉（Hamilton）
🌹14.安德 furnace (Oakville）
15.Echo Chen （ Burlington）
16.Julia Chen (Oakville）
🌹17.婧丫头麻麻（暖气）（Oakville）（已安装）
🌹18.Judy （新房）冷气（Mississauga)
🌹19.Apple 甯：暖炉空调 （Oakville）(5-19安装）
20.Haihong海虹 （Mississauga)
21.天上所有的星 空调 Mississauga
🌹22. Henry Cai (暖炉/空调) Oakville
23. Angela (暖炉/热水炉) Mississauga 
24. Sandra (暖炉）Mississauga 
25.娟子华(暖炉)
26.太阳鸟  (热水炉与暖炉)
27.养眼 (暖炉2)
28.阿飞哥 （暖炉和热水炉）
29.ying (暖炉 Markham)
30.Yana(热水炉，暖炉，空调)Oakville
31.如意（暖炉，Markham）
🌹32.霍东辉（7年暖炉-不用换）oakville 
33.Paul w(暖炉:Scarborough 
34.Yuki （暖炉，热水炉：Richmond hill）
35.包包 暖炉，空调Mississauga
36. melissa 热水炉，暖炉，空调)Oakville
37.Annie 热（暖炉，热水炉）mississauga
38.文奎 （暖炉，热水炉）mississauga
39.孙翔(暖炉，热水炉)世家堡
40. 猪兔妈妈 ( 暖炉 热水炉) Mississauga 
41.winne( 暖炉/空调:Mississ
42.紫水晶(暖炉/空调)Mississauga 
43.
44.
45.
46.
47.
48.
49.
50.","拍拍灰尘，震作精神，前方是坎坷路，我也要奔(钱)前程",0,0,0,21,5,1,1,0,0,0
"兔小白","今晚有活动么？","人性本善",0,0,0,4,0,1,1,0,0,1
"Annie~温哥华传媒","亲！[嘴唇] 需要做微信推广吗？

快速提高销售业绩的方法来了，让几十万消费者有机会看见贵公司的广告！🚀","去留无意，看庭前花开花落！",0,0,0,11,2,1,1,0,0,0
"禹给力","请问大家5人本有什么好玩的，不需要主持人的。🙏",0,0,0,0,0,0,1,1,0,0,1
"小豬","出奶茶色英短",0,0,0,0,0,0,1,1,0,0,0
"安娜","价格呢@小豬 ",0,0,0,0,0,0,1,1,0,0,1
"会吃萝卜的人",1,0,0,0,0,0,0,1,1,0,0,1
"sunny","我在砍价免费拿可伸缩晾衣架，一刀一刀砍砍砍！","承接室内设计、施工图、效果图、UI设计、APP设计、网页设计",5,0,0,20,5,0,1,2,2,0
"Shu.🌸",1,"<span class=""emoji emoji1f338""></span><span class=""emoji emoji1f430""></span><span class=""emoji emoji1f430""></span><span class=""emoji emoji1f430""></span><span class=""emoji emoji1f338""></span>",120,20,10,0,40,0,1,5,25,1
"霖霖","新人弱弱的和大家打个招呼","<span class=""emoji emoji1f451""></span>",24,4,2,0,8,0,1,4,5,1
"阳光炯炯","一个脸瘦长，矮小的华人男子领着一个邋里邋遢分不清国籍的外国人出现在我家门口，我们一开门，华人男子就逃跑了，留下那个外国人拎着很脏的旅行袋，理所当然地往我们家进，被示意请他离开，还很无奈。

看样子是被人骗说我们这里是收留所吗？",0,0,0,0,0,0,1,1,0,0,1
"卓越",1,"成功者决不放弃。
放弃者绝不成功。",0,0,1,14,2,1,1,0,0,1
"天善智能数据伯乐","上线三天，学员数破百人!值得信赖的热度!
 https://edu.hellobi.com/course/272 学员活跃爆棚，这里有最靠谱的社群! 限时特惠399，早加入课程早服务，早日职场进步!    
PS：发小程序，广告都移除了，不要广告","有意向看机会的朋友请加微信：datajob",7,0,0,13,1,1,1,1,1,0
"非著名前端菜鸽子-梓瑜","@桑榆未晚 还有我","True love stories never have endings, but forever.",41,0,7,0,2,1,1,8,8,1
"CarolHuang","我也想去西班牙","各类保险，基金，4169888897",0,10,0,6,2,0,0,1,1,0
"李静","一定要报警立案。也许不止你家一个发生这种情况，警察应该知道的","简朴的生活，高贵的心",0,0,0,9,1,1,1,0,0,1
"呃x＇Vivian","@阳光炯炯 你家大概位置","<span class=""emoji emoji1f49e""></span>",25,3,2,0,8,0,1,4,5,1
"大家好！","艳在么？","好想好想福儿！",0,0,0,6,1,1,1,0,0,1
"Rebecca","有木有朋友有温哥华 班夫那边的旅游攻略呀","To see but not to say. C'est la vie, En Rose",31,0,10,0,3,1,1,12,12,1
"TinaXu,MBATop地产经纪","班服真的很美 一定要随时手机充好电 我当时看见熊了 手机没电 没照上","楼花全部在手 二手房卖高买低",0,0,1,13,0,0,1,0,0,0
"Derrick","Ths",0,0,0,0,0,0,1,1,0,0,1
"梁","@蘭 5月中下旬可以吗？",0,0,0,0,0,0,1,1,0,0,1
"DavidDai-加拿大注册理财策划师","@房东网信息 [强][强][强]","注册理财策划师，加拿大多伦多。",0,0,0,13,2,1,1,0,0,0
"🍓🍦IcEy_Miss🐱","@烎 ","本号已满",0,0,0,4,0,1,1,0,0,0
"Alice","大学文凭办理，此广告长期有效💎
👑毕业证、成绩单等全套材料.
（可以提供钢印、水印、烫金、激光防伪、凹凸版、最新版的毕业证、百分之百让您绝对满意。）
👑真实使馆认证，回国证明
（回国证明是留学人员在国内证明留学身份、联系工作、创办企业、落转户口、申请国内各类基金等必备的材料。还可以享受购买国产汽车免税等多项优惠政策。)
👑（国家专业人才认证中心颁发入库证书，留信网永久存档可查。）
 真实出国各类公证，外交部、驻华使馆双认证、无犯罪记录证明、雅思代考
👍<不成功不收费>👍🔥🔥
📞本号不加人，请添加微信/QQ 1418467333
  或扫一扫下面二维码
",0,0,0,0,0,0,1,1,0,0,0
"Jean","今天第一次发言希望有朋友能够给点建议。我有一个出租condo 我分开租给两个女孩，几年来一直没事。前两天管理处就告诉我最近噪音很严重，楼下投诉几次了。今天又打电话来说condo 是single family dwelling, 不可以分租，让我立刻给房客30天notice 搬走，没有商量余地。碰到这种情况我有可能和他们争辩吗？","感谢生活温柔以待",0,0,0,8,0,1,1,0,0,1
"Lily","summer有hps100吗？感觉那门课超简单，youtube lecture和online tutorial，出现考个 final就好",0,0,0,0,0,0,1,1,0,0,1
"Pong安利",1,"💮朋友圈整理中 暫時關閉💮",0,0,1,10,2,1,1,0,0,1
"天天接送",1,0,0,0,0,0,0,1,1,0,0,1
"A阿星[烟+酒]Tim咖啡卡折扣出","Tim咖啡电子卡.特价好折扣出。招代理
🍻北京红星二锅头🍻
🍻天津高粱酒🍻
🍻泸州老窖🍻
🍻古越龙山🍻
___________________
🎉Belmont🎉
🎉NEXT🎉
🎉DK""S🎉
🎉PUTTERS🎉
🎉OAKDALE🎉
🎉CANADIAN GOOSE🎉
🎉BB🎉
🎉万宝路双爆🎉
🎉中华🎉
🎉黄鹤楼大彩🎉
🎉中国玉溪🎉
🎉软壳经典红塔山🎉
🎉经典红塔山🎉
🎉中南海🎉
🎉广东双喜🎉
🎉七匹狼🎉
🎉南洋双喜🎉
🎉红梅🎉
🎉哈德门🎉
需要的朋友加我微信[握手]",0,0,0,0,0,0,1,1,0,0,0
"徐圆圆翻译公证7789520081","猪油原来这么厉害？对这十几种病都有效！不吃就亏大了",0,0,0,0,0,0,1,1,0,0,0
"Iris","请问有没有靠谱的猫咪自动喂食器推荐？",0,0,0,0,0,0,1,1,0,0,1
"子不语","这游戏是想逼死强迫症吗！",0,0,0,0,0,0,1,1,0,0,0
"流于形式事情--孙松乔","出一台MSI GT70 笔记本电脑 gtx970m 有兴趣的加微信详聊 谢谢！","The indifference of good men",24,0,4,0,0,1,1,5,5,0
"棋牌平台【免费】招代理🔥周入数万","🏁众发娱乐🏁
0⃣投资👉0⃣代理
🚀不花一分钱免费注册推广！
😍无限代流水佣金！无限代！🚀
🎉努力推广一个月，打造管道收入，躺赚佣金
👉完全0投资带你周入万元
👉推广赚无限代流水提成
📈敢于挑战周薪10万联系我
🎉 佣金提现秒到你账户
🎯诈金花🎲牛牛🎲斗地主🎲推筒子🎲麻将🎲彩票🎲北京赛车🎲幸运飞艇🎲嗨到爆！
📢【手机彩票】全新上线、开奖与国家号码同步、重磅出击‼️多种玩法🈵
💜免房卡，随玩随走，万人在线真实对战‼️
💯注册送12元，盈利50元秒提现👋👋👋👍👍👍​​​​



[红包]2018最火棋牌🔥🔥
[红包]招募实力玩家和代理
🇨🇳正规平台100%真实玩家[拥抱]🎉百万人真实玩家在线🎉绝无外挂
🎉长久稳定
🤝注册即送12元
💵棋牌游戏
♥️斗地主♦️炸金花[炸弹]牛牛⚡️ 推筒子[月亮]️麻将
🔥 国家彩票
⭐️ 重庆时时彩🌟 北京赛车☀️ 广东11选5🌞 幸运飞艇❇ 江苏快三🌛 PC蛋蛋💥 香港六合彩等～～
📱识别下方二维码 浏览器打开即可注册下载玩游戏[勾引]不贪心，日入500-1000绝对不是问题！来吧[勾引][勾引][勾引]
注册下载充值后（线下充值支付宝、微信、银行卡转账秒到～提现一分钟内必到账。平台客服24小时随时在线提供服务）邀请进官方彩票稳赚计划群，提供棋牌游戏玩法赚钱秘籍。
🎃 招平台代理50名
💐 拿团队无限代裂变流水佣金
🌼 提供全套赚钱方法
🌸 一对一指导，拉进团队群，轻松周入3万++。
🌎加入本团队除平台外额外流水奖励
，具体私聊。奖励直推会员每人1元
报销地推费用
奖励政策直到周入过万为止    欢迎大咖团队跳槽   绝对让你满意
本人微信号wx1817788
💥 注册下载好或遇到下载注册问题切记一定加本人微信号，绝对让你收获多多
🔥 注册下载

识别二维码～点击继续访问～选择浏览器打开～即可注册下载（登录私聊本人）拉你进会员群
[玫瑰]众发娱乐温馨提示[玫瑰]
[鼓掌]当总业绩流水达到↙...
1，达到10万佣金多拿100
2，达到30万佣金多拿300
3，达到60万佣金多拿600
4，达到100万佣金多拿2000
5，达到200万佣金多拿4000
6，达到400万佣金多拿8000
7，达到600万佣金多拿12000
8，达到800万佣金多拿16000
9，达到1000万多拿20000","2018年目标：直推会员500名.代理300名。带200名伙伴周入过万",0,13,0,19,3,0,1,4,4,0
"eon","求卡普，能坐五个人的～","                            persist.",7,0,28,0,1,1,1,1,1,0
"绮丽（瓜瓜）","[玫瑰][玫瑰]我这周又收入7800多元，就是通过这个系统给我的，自动进人，，从注册成功后那一秒开始，比你晚注册的所有人都将成为你的消费团队，一周就突破一万人，先有团队先受益后考虑加盟，这是横扫一切平台，秒杀一切模式的全自动系统，抓紧免费注册抢占黄金点位  ：
http://yc.8c.com.cn/w326246/v1.html



想赚钱就注册，与钱无缘无话说！央视推广【模式致胜，永不卖货】","做啥",0,0,0,2,0,1,1,0,0,1
"马英伦","@eon ","其实我 并没有恶意、",0,0,1,8,1,1,1,0,0,1
"尼尼🙆","🏡 近大学Askin一间女生房转lease 租期5月～8月 走路3分钟到大学 2分钟到1C公交站 房间干净 无地下室无阁楼 家具齐全 拎包即住 室友超级友好 有意者请加微信！",0,0,0,0,0,0,1,1,0,0,0
"BruceZz","无家可归！求兄弟收留！","感恩，自信，思维，信念，微笑。",0,0,0,10,5,1,1,0,0,1
"玲儿","🎀 🎀 看片加我🎀 🎀 
 男人的天堂[色][色]

👉 点宝宝头像加我好友。💋 💋 [色]","美好的回忆",0,0,0,5,0,1,1,0,0,0
"3D定制牛扒","求五号晚上回温莎卡普","我吃故我在",0,0,0,5,0,1,1,0,0,1
"秋水","公开做假证"," ",0,0,1,0,0,1,1,0,0,1
"Amy","棒球帽还团吗？","只有让自己足够强大，才能不被生活践踏，才能畅通无阻",0,0,0,23,2,1,1,0,0,1
"Carrie","@阳光炯炯 注意安全，别开门给陌生人。开完你的事情有点后怕","Live, Laugh &amp; Love ............Tomorrow will be another day!",40,0,8,0,16,1,1,9,9,1
"🚙王琳岩","需要5月1号下午4点左右到底特律机场的卡普",0,0,0,0,0,0,1,1,0,0,1
"日天帝","这游戏也太虐了，我为什么要手贱点进来…","Rook and roll can never die",22,0,5,0,0,1,1,6,6,0
"Angie'sBakery(工作中回复慢见谅)","儿子今早吃了香菇牛肉酱，直夸好吃😄","屏蔽不加，相互尊重，谢谢！",0,0,0,10,3,1,1,0,0,1
"lan"," 出1万多美金，加币，需要人民币，只接受当面交易！现时汇率！",0,0,0,0,0,0,1,1,0,0,0
"Will","招收快递资料整理员(200名）
    快递资料整理员：每单1-2圆，收入一天可以达到80-200￥左右
主要是给快递公司，淘宝 天猫  京东 微店发货快递单号的录入，
包括：快递单号  地址 姓名  手机号，需要要对资料进行保密
1：手机电脑都可以做，时间地点自由（多劳多得）单天结算
2 :正规工作，没押金不收会费，手机电脑都可以做。
 加手机 QQ: 8617078316765（手机直接点击号码添加）
              (诚信招人，录入为本)  
【注：不需要身份证等重要信息】
【帮朋友转发，是真的 想做加她QQ 】","今天只有残留的躯壳，迎接光辉岁月！！",0,0,0,15,3,1,1,0,0,0
"kelly","装一个摄像头或者可视门铃，ring这个牌子的，最近治安特别不好@阳光炯炯 ","2018年身体健康，阖家幸福，心想事成，工作顺利，开心快乐每一天",0,4,0,24,4,1,1,1,1,1
"青梅竹马","这游戏是怎么玩的","如果我再也见不到你，祝你早午晚都安。",0,0,0,16,2,1,1,0,0,1
"丽红"," 🎉第十五团🎈应大家要求我们染发剂第 1️⃣5⃣️ 团开始啦[嘿哈]这好东东太受欢迎[强] 😄
意大利🇮🇹Herbatint 植物染发剂，含有8种有机植物成分，不含阿摩尼亚，不含帕拉苯，超低量过氧化氢, 不刺鼻无异味，皮肤科医生测试认可，敏感肌肤都适用，短发一盒可以用两次，男性短发用四次。不伤头皮和头发，无刺激味道。
团购价14 包税。请将自己选的色号标清楚😊💆
                        
1、胡英 5N、6Ｎ各一盒
2、Sherry Zhu 2N 两盒
3、Sharon 3N 一盒
4、Joey   6N  一盒
5、Annie   6N  一盒
6、Lilly song 2N 四盒3N三盒 1N一盒
7、LEE 5N 两盒
8、丽红 4N 1盒",0,0,0,0,0,0,1,1,0,0,0
"锋哥（程序十年）","100套微信小程序源码下载：https://mp.weixin.qq.com/s/BFNcwhwyQqYDBPnXhdIdeQ","相信缘分，一切随缘",0,0,0,8,1,1,1,0,0,0
"幺妹厨房在线接单ing","@Angie's Bakery(工作中回复慢见谅) 谢谢宝贝的认可[拥抱]","你是来留学，不是来流浪，幺妹厨房，给你家的味道 🌶️",0,0,1,20,5,1,1,0,0,0
"Isabelle","不好意思等会可以过来拿酱吗？",0,0,0,0,0,0,1,1,0,0,1
"Ivy教育基金旅遊，車房人壽保險","@Isabelle 你順便幫我拿一下好吧？","保險 投資 教育基金",0,0,2,8,0,1,1,0,0,0
"于嘉诚Jack","...挖坟挖一个这么老的群，就为了发个上礼拜的新闻？？","顺其自然",0,0,0,4,0,1,1,0,0,1
"Merci","提供4.29号（周日）中午温莎到多伦多，4月30号（周一）下午多伦多回温莎卡普、需要的朋友卡可以私信我、🙏。","平静",0,0,0,2,0,1,1,0,0,0
"Adoy","有人要小猫树吗。dt自取 for fre","没什么不一样",0,0,0,6,0,1,1,0,0,1
"水乡里的春天","調教南昌离异の骚妇",0,0,0,0,0,0,1,1,0,0,0
"加华锦桥",1,"各自宇宙   各证一境",0,0,3,8,0,1,1,0,0,0
"centennial.robotics@gmail.com","各位同学，早上好。我出租房的代款有一项被写上了用于自住，当时由于粗心也没有仔细查看，由于时间紧迫，只有一周了。请问有经验的同学指导一下策略。谢谢。","愿中国繁荣昌盛!",0,0,0,7,1,1,1,0,0,1
"电气工程","提供5月5号早上温莎到多伦多和晚上多伦多回温莎当天往返卡普，可接送机","这个世界有些冷",0,0,0,7,0,1,1,0,0,0
"🍂落叶知秋🍂",1,0,0,0,0,0,0,1,1,0,0,1
"____Amber","老板今天有啥肉",0,0,0,0,0,0,1,1,0,0,1
"囍辣售货员地点Ｂ",1,"<span class=""emoji emoji1f380""></span>我的生活因有你们而美丽！",24,4,2,11,9,0,1,4,5,0
"钢琴超市604-306-2563","忍无可忍！万锦市数十名华人家长游行抗议，只为心中一份正义","家教信息平台，二手钢琴专家",0,0,0,12,1,0,1,0,0,0
"Cyndi😏","多少錢","我只用 instagram： cyndicy",16,0,2,3,1,1,1,2,2,1
"赵士越🍻","提供30号早上温莎去多伦多顺风车","Manners maketh man",16,0,2,0,0,1,1,3,3,0
"移民项目方~Sasha","以下是我查询网站上的信息。房子semi出租出去了，租客一家4口3个月水费420-450刀
多伦多水费均价: $2.2/度(一立方米,或一吨)

$100/2.2=45.4度, 45.4/30天=1.5度/天, 4个人太多了点, 估计每人天天洗澡30分钟以上, 

俺家原来一个半独立HOUSE连租客一家共6个人, 一天用水在0.6度, 一个月均用$30--40刀. ","投资多伦多房产世代相传！移民加拿大，人生多一种幸福!",0,0,0,23,3,0,1,0,0,0
"爸爸的爸爸叫爷爷👴","@Hi.  Vera🍄 找我啊",0,0,0,0,0,0,1,1,0,0,1
"鶸"," 提供周三上午温莎去伦敦的carpool",0,0,0,0,0,0,1,1,0,0,0
"JeffWang（房屋贷款经纪）","一般一家4口水费50-60左右/月","密市及周边地区贷款经纪,诚心为您服务！905-3028899,留言必回!",0,10,0,21,5,0,0,2,2,0
"BB张",1,"*",0,0,0,0,1,1,1,0,0,1
"困难的时候要微笑","求一个最近回中国的有尝代物",0,0,0,0,0,0,1,1,0,0,1
"Ryan","多少钱？",0,0,0,0,0,0,1,1,0,0,1
"magicbeauty半永久","位于万锦Kennedy和16街附近著名的特鲁多中学对面(步行一分钟），整套出租，也可分租，一楼三间房，地库两间房。进407，404，401，go train车站，附近有图书馆，大型超市，银行，家庭医生，门口有巴士车站，靠近大统华，丰泰，homedepot, costco, shoppers, 有兴趣请联系6478874581，或微信：Beauty1854","没有最好，只有更好。预约：+1（647）8874581",0,11,0,10,6,1,0,3,3,0
"招财猫",1,0,0,0,0,0,0,1,1,0,0,1
"ミル麋鹿野良鹿","  求国内有偿带物到温莎 日期越近越好 有的私我","努力して、そして生きる fighting fighting",16,0,2,10,1,1,1,1,2,1
"Shu垠","@J-soap  请问一下opa$250具体的名字是什么啊？","不能行走，便选择飞翔",0,0,0,9,1,1,1,0,0,1
"🌀Leiko元元🍧","[鼓掌][鼓掌]","豆<span class=""emoji emoji1f430""></span>&amp;塞<span class=""emoji emoji1f434""></span>",51,8,4,2,18,0,1,6,11,1
"极客geekex-kingten","求一个回国有偿带物",0,0,0,0,0,0,1,1,0,0,1
"HualinWu","谢谢"," ",0,0,1,0,0,1,1,0,0,1
"weymi","求一个dmall回大学的卡普 ",0,0,0,0,0,0,1,1,0,0,1
"艹","5.2号从温莎到机场的车有吗 两个人四个箱子",0,0,0,0,0,0,1,1,0,0,1
"日日日日他童鞋👅",1," ",0,0,1,0,0,1,1,0,0,1
"Sophia",1,"平平淡淡才是真",0,0,0,7,0,1,1,0,0,1
"Jill","求一个从foodbasics回学校附近卡普","This is my kingdom come.",19,0,4,0,1,1,1,5,5,1
"edward",1,"A strong man will struggle with the strom of fate",40,0,9,0,0,1,1,10,10,1
"加拿大高档水果电商联盟","T&J Hifruit 安省，渥太华、蒙特利尔、各个城市取货点【备注：a.各位亲朋好友有所在区域的都可以推荐，随时关注我们，随时欢迎👏👏👏；b.各位小伙伴们选择离自己最近的取货点方便取货，严禁串群】
1⃣️Richmondhill 取货点一bayview&hwy7   线上下单
2⃣Richmond hill 取货点二
Yonge & stouffville rd（sunset beach景区）
3⃣北约克取货点一
742 gorden baker road
Donmills & Finch线上下单
4⃣北约克取货点二
申通快递 8 Kingsdale Ave
Yonge & finch 线上下单
5⃣Markham取货点一
9590 Mccowan Rd线上下单
TD银行对面美容店
6⃣Markham取货点二
Woodbine & elgin mills rd E
7⃣太古（士嘉堡）取货点锦绣中华里1B2   线上下单
8⃣Vaughan 取货点islington ave/langstaff rd Woodbridge
9⃣Oshawa&whitby取货点
26 Greenbush PL
1⃣0⃣Stouffville&luxbridge取货点
2499 concession 3 road, goodwood
1⃣1⃣Downtown取货点
832 Bay st 近多大
线上下单
1⃣️2⃣Mississauga取货点。3320 Grechen Rd（黄金广场附近）线上下单
1⃣4⃣滑铁卢大学取货点
Campus Court Plaza, 140 University Ave W, Waterloo 
1⃣5⃣Kwcg地区取货Guelph,waterloo&kitchener
228 Watervale Cres
1⃣6⃣London取货点               80 capulet lane（丰盛超市附近）
1⃣9⃣newmarket取货点
91 chouinard way Aurora
2⃣1⃣渥太华取货点
      1950 merivale rd unit 7
2⃣2⃣渥太华downtown点
         195 besserer 
2⃣3⃣渥太华kanata取货点
       143 grenadine 
2⃣4⃣蒙特利尔西南取货点
         6948 Rue lacrolx
2⃣5⃣蒙特利尔西岛取货点 
         174 av radisson
2⃣6⃣蒙特利尔西南取货点
          天天好超市
          2150 leger, LaSalle
2⃣7⃣蒙城TMR取货点
247 Trenton AV  H3p1z8
2⃣8⃣蒙特利尔鹦鹉岛取货
451rue du versant pincourt
2⃣9⃣蒙城DT取货点
Bonjour 你好超市
2070 de Maisonneuve Ouest","加拿大高品质空运水果电商",0,0,0,12,0,0,1,0,0,0
"Anita🌟","围栏多高？","在所有人事已非的景色里，我最喜欢你❄️",0,0,0,16,3,1,1,0,0,1
"SistineZhang","有没有清洗地毯的介绍？","多伦多地产经纪，买房卖房，家居设计。",0,0,0,15,3,0,1,0,0,0
"karl","在哪个位置","Have a wanderful 2015！",14,4,3,0,1,1,1,4,4,1
"Yaqi","凉面还是炒鸡好吃～哈哈哈","如人飲水，冷暖自知",0,0,0,8,1,1,1,0,0,1
"小白云",1,0,0,0,0,0,0,1,1,0,0,1
"仇家太多不便透露姓名","司马相如?","红尘烟浓，迷遮众众，年长负忘，为此何来生。破晓时，兑誓助师正",0,0,0,25,5,1,1,0,0,1
"YorkLee","以前都沒看到第六個取貨點，這個取貨點的取貨時間是什麼時候。",0,0,0,0,0,0,1,1,0,0,1
"Loreta","谢谢你加航，我再也不敢买你家的机票",0,0,0,0,0,0,1,1,0,0,1
"😎I'm珍珍珍珍珍～"," maki买cheesecake吗","啦啦啦啦，德瑪西亞〜",0,0,0,8,2,1,1,0,0,1
"Nicole꽃꽃",1,"我还年轻，我没有时间。",0,0,0,9,2,1,1,0,0,1
"Judy-AllLine","求租大学附近2-3室的house, 5月1号开始入住","一只叫朱迪的兔子！",0,0,0,8,1,1,1,0,0,1
"yang加国购6477061984","@York Lee 4～8点",0,0,0,0,0,0,1,1,0,0,0
"Tina","8点半之后有局么","孑孓不独活",0,0,0,5,0,1,1,0,0,1
"Kita","没有主持人的都不好玩",0,0,0,0,0,0,1,1,0,0,1
"星",1,"相信明天会更好！",0,0,0,7,1,1,1,0,0,1
"清蒸鲈鱼丸","。。","life is in your own hands",20,0,5,0,0,1,1,6,6,1
"Ga","有没有人带狗狗回国成功过的 就是带狗进客舱放在脚底下的 求私聊经验",0,0,0,0,0,0,1,1,0,0,1
"JY.","直接买机票吧","Sup",3,0,0,0,0,1,1,1,1,1
"Nicole","提供5月20号温莎回国有偿带物",0,0,0,0,0,0,1,1,0,0,0
"Yumi","Markham 取貨點二要去哪個群？",0,0,0,0,0,0,1,1,0,0,1
"橘子和橙子",1,0,0,0,0,0,0,1,1,0,0,1
"Christy©小胖子😉","同问 6️⃣Markham 取货点二 应该加哪个群啊？","陪伴是最长情的告白 <span class=""emoji emoji1f60a""></span>",25,3,3,9,8,0,1,4,5,1
"优诺","朋友圈最火的游戏，99％的人都中毒了！",0,0,0,0,0,0,1,1,0,0,0
"双子星","三个月教你从零入门深度学习！| 深度学习精华实践课程 （免费）https://edu.hellobi.com/course/255 ","吸引对方，不分离",0,0,0,7,1,1,1,0,0,0
"天贺-亿达建筑","这太厉害了","不买房也能投资地产。开发 翻建。",0,0,1,13,2,0,1,0,0,0
"魏銘伯Ivan","厉害了","微笑着灰飞烟灭",0,0,0,7,0,1,1,0,0,1
"Georgia","Markham 取貨點一要去哪個群？","不念过去，不畏将来，过去没有对错，只有成长！",0,0,0,18,4,1,1,0,0,1
"Nick","草地被松鼠挖了好多小坑，可能草下边有虫子，应该怎么处理？大家有没有建议？","如果我不开心，要么是饿了，要么是上一顿没有肉",0,0,0,20,2,1,1,0,0,1
"Hao","就刚才！Gardinar高速GTS小哥飙车拒捕撞警车，开门撒腿就跑...",0,0,0,0,0,0,1,1,0,0,1
"Gypsy🌶","国泰机舱不能有宠物","Veni, Vidi, Vici",12,0,2,0,2,1,1,3,3,1
"Python金融分析课程助手","上线三天，学员数破百人!值得信赖的热度! https://edu.hellobi.com/course/272 学员活跃爆棚，这里有最靠谱的社群! 限时特惠399，早加入课程早服务，早日职场进步!  ",0,0,0,0,0,0,1,1,0,0,0
"Maleficent","礼拜一找个皮卡拉东西","本来想露脸的，结果把屁股给露出来了。",0,0,0,16,2,1,1,0,0,1
"Iris🐨","求现在multi回大学的的卡普","亦  正  亦  邪",0,0,6,4,0,1,1,0,0,1
"Zq","@Bobby 想看照片 [鼓掌][鼓掌]","结果从来都不重要",0,0,0,8,0,1,1,0,0,1
"矫情怪😈","谢谢你加航，我再也不敢买你家的机票",0,0,0,0,0,0,1,1,0,0,1
"JL","出一双男冰刀，价格好说","non-mainstream barber&amp;dancer&amp;IEEE member",41,0,2,0,5,1,1,7,8,1
"Leo","有人出宠物车垫吗",0,0,0,0,0,0,1,1,0,0,1
"布偶","有人带猫猫出门过吗",0,0,0,0,0,0,1,1,0,0,1
"加拿大旅游公司","🚀

全球招商 [嘴唇] 互联网生意 0投资 0风险，会用微信就可以。💵 赠送加拿大移民机会！✈

http://www.canadaso.com/services/service/2949","特价出售全球:机票、酒店、邮轮、旅游产品，保证市场最低价格！",0,0,0,24,6,0,1,0,0,0
"Lindsay","我女儿学的不一样","人是不是喜欢想当年呢？",0,0,0,10,1,1,1,0,0,1
"小酸枣儿","@❤yarina❤ 什么时候到杨梅呀","美好，是生活中的每个温暖的细节，是你 🦋",0,0,1,16,3,1,1,0,0,1
"Stephanie小荷花🌸","实例解析+8招锦囊妙计：一键消除租房困惑","长不过执念，短不过善变",0,0,0,10,1,1,1,0,0,1
"Zack",1,0,0,0,0,0,0,1,1,0,0,1
"trance﹏'","有意思[偷笑]","活着要有一颗感恩的心",0,0,0,10,0,1,1,0,0,1
"张议之🌚🌚🎩😈","我也觉得","Do not go gentle into that good night",30,0,7,0,0,1,1,8,8,1
"本楼吹要减肥","这个胖好多","本楼吹要减肥 小楼昨夜又东风⛱专注二十年楼吹 ",0,0,2,20,1,1,1,0,0,1
"南","720P的太低像素了 要买就买高清的","繁华三千，看淡皆是浮云，烦恼无数，想开就是晴天",0,0,0,20,3,1,1,0,0,1
"Amber_Tu🍉","如果是他本人的车的话应该很容易就查到呀，除非立刻回国🌚","不要期待、不要假想、顺其自然；如若注定，便一定会发生...<span class=""emoji emoji1f33c""></span>",25,3,2,22,15,0,1,4,5,1
"Jingyi","请问有没有出airbed的","永远理性正直，永远欢喜可爱。",0,0,0,12,2,1,1,0,0,1
"🙄🙄🙄米亚不是miya","ins上有车行说这是他们前几天丢的车还有r8好像","                    




 






   
  你猜。",0,0,39,2,1,1,1,0,0,1
"余L俊E辉X","Man detained after ramming stolen Porsche into police cruiser | CP24.com","(¬_¬)",0,0,0,0,5,1,1,0,0,1
"Lili👗","提供明天晚上多伦多去温莎的卡普，星期一中午也可以","开心",0,0,0,2,0,1,1,0,0,0
"zoey","求明早九点半去温莎机场接人的卡普","I be moving on~~",11,0,3,0,2,1,1,4,4,1
"明同学","有一点钟的左右的卡普",0,0,0,0,0,0,1,1,0,0,1
"chad","逆反孩子的解析及支招",0,0,0,0,0,0,1,1,0,0,1
"冬","今朝有酒今朝醉，你不帮我我流泪；北京移动想给你最好的。",0,0,0,0,0,0,1,1,0,0,1
"木槿花","……——……","人生如梦，岁月无情，蓦然回首才发信人活着是一种心情。",0,0,0,23,3,1,1,0,0,1
"啊哒","没别的，就问你扛不扛揍！",0,0,0,0,0,0,1,1,0,0,1
"喜你人多💋","全世界聪明人都在玩的游戏，快来试试！",0,0,0,0,0,0,1,1,0,0,0
"梦风","这游戏体验有点差","梦风",0,0,0,2,0,1,1,0,0,1
"Typing...","求一个四号晚上12.15机场到怡乐的carpool","why so serious :)",12,0,3,0,2,1,1,3,3,1
"👿杰杰👿","还在玩跳一跳吗，信不信玩这个你肯定跳不过我","人生没有目的，生活没有意义。",0,0,0,12,2,1,1,0,0,0
"JinnyYao","求教：朋友分门地库租客，平日相处不是太愉快，租客回国一个月要让他弟弟住过来  这种情况感觉房东可以拒绝吗？",0,0,0,0,0,0,1,1,0,0,1
"芳","大家知道施华洛世奇今天有折扣吗？几折啊😊","向幸福出发",0,0,0,5,0,1,1,0,0,1
"YuKi妖怪","买二送一","愿情话终有主，你我不孤独。。               ",0,0,15,11,3,1,1,0,0,1
"Mr.坏","求10点能帮忙搬家的卡普",0,0,0,0,0,0,1,1,0,0,1
"汤姆兄弟贷款经纪-杜颖Clara","租女生或者一家人👪比较好","贷款遇到困难？留学生，持工作签证，旅游签证，难民？欢迎咨询",0,0,0,24,5,0,1,0,0,0
"邦-䒕元","提供5.3多伦多往返车～","大雁为什么要飞去南方过冬。",0,0,0,12,1,1,1,0,0,0
"ON-TIME","提供5.3多伦多往返车～","大雁为什么要飞去南方过冬。",0,0,0,12,1,1,1,0,0,0
"Hily-微微","求5月2号晚上6点50时多伦多机场接机到温莎的接机服务","<span class=""emoji emoji1f388""></span>不悲不喜<span class=""emoji emoji1f48d""></span>不卑不亢 ASmilingSunflower <span class=""emoji emoji1f33b""></span>🌞",91,10,8,8,25,0,1,7,16,1
"Matthew持牌iccrc移民-法律顾问","垃圾装修公司Stonetile and beyond! 蔡妍和Simon Yin!骂客人傻逼!! - 欢乐灌水 - 约克论坛 - 加拿大多伦多","移民-签证-留学-法律付费咨询.100 CAD 半小时. 416-939-9529 ",3,13,4,15,7,0,0,5,5,0
"Richlee","[有人@我]整个朋友圈都在玩&amp;lt;弹球王者&amp;gt;！主播们已经玩到停不下来！","念之所至，心之所往",0,0,0,8,1,1,1,0,0,0
"Kaisy","很高兴帮Elaine群主在回国期间管理这个群, 我也会努力为群友提供一些好deal, 多谢大家的支持[愉快][玫瑰]",0,0,0,0,0,0,1,1,0,0,0
"甦玝沐旸","@SEAN WANG 有多少人？","susan",5,0,0,0,0,1,1,1,1,1
"Cwing思颖",1,"乌鸦的嘴里从不说脏话",0,0,0,10,0,1,1,0,0,1
"房东群广告商务","@甦玝沐旸 以后我们还会组织类似的活动，这一次是一个尝试[愉快][愉快][愉快]",0,0,0,0,0,0,1,1,0,0,1
"Richard","@恒致冷暖气保温棉-6476689361 谢谢",0,0,0,0,0,0,1,1,0,0,1
"Michelle","@Elaine (滟) 旅途愉快","loving Toronto",13,0,1,0,0,1,1,2,2,1
"兰兰","@YuKi 妖怪 请问这活动是每家店都有吗？",0,0,0,0,0,0,1,1,0,0,1
"Yanzi","@Elaine (滟) ，旅途愉快！",0,0,0,0,0,0,1,1,0,0,1
"坚果猫","超级难上","做我的猫",0,0,0,4,0,1,1,0,0,1
"JuliJu","出 小电饭锅 5刀","To the moon and back <span class=""emoji emoji1f319""></span>",40,4,7,0,8,0,1,9,10,0
"LYL。","有人想养兔子吗🐰",0,0,0,0,0,0,1,1,0,0,1
"移民房产Sasha","[强][强][强]","投资多伦多房产世代相传！移民加拿大，人生多一种幸福!",0,0,0,23,3,0,1,0,0,0
"Jessica冰洁Li","@LYL。 加我加我",0,0,0,0,0,0,1,1,0,0,1
"李阳","号外号外
@一个投资300亿超级实力平台，互联网运作6年之久！
做好了每年2次出国游，公司免费买保险。
可以进清华静修，可以排队拿奔驰豪车一台。
五年即可获得每月2万一年一24万的退休养老金，
免费注册，每天系统排队注册，比你晚注册的人就会排队在你后面，然后获得奖金，注册成功之后关注下属消费团队，注册30分钟后，如果没有效果，请拉黑我，
相信就是成功，给别人机会就是给自己机会。
免费注册网址：t.cn/RnNA3pv",0,0,0,0,0,0,1,1,0,0,0
"TonyDong","帮朋友求一个底特律机场5月24号上午8:30的carpool，4个人4个小箱。能提供carpool 的私聊。","找的就是你",0,0,0,5,0,1,1,0,0,1
"张建梅:中医博士副教授,加注册医师","谢谢[玫瑰][玫瑰]","腹有诗书气自华",0,0,0,7,0,1,1,0,0,1
"Stephanie刘鸣豫","哇，谢谢！@J-soap  ",0,0,0,0,0,0,1,1,0,0,1
"Lynn","求温莎到多伦多，4月30号周一下午",0,0,0,0,0,0,1,1,0,0,1
"CandYWu💋","[有人@我]这字竟然读这个？你敢信吗？","<span class=""emoji emoji1f48b""></span>跨越所有的阻碍 把誓言逐一实现<span class=""emoji emoji1f44c""></span>🏻",50,6,5,14,17,0,1,5,10,1
"Beni","这主意不错，我想拼单，最好直接能到店里拿货。",0,0,0,0,0,0,1,1,0,0,1
"💤؞linlin","这个吸尘器吸地毯吸猫狗毛吸的干净吗？","对你      不离不弃 等着你",0,0,7,9,0,1,1,0,0,1
"Eurydice","這價錢還能不乾淨嗎[掩面]","若果時間可倒留",0,0,0,7,0,1,1,0,0,1
"吖糍Nancy","求5月7号 多伦多回温莎 carpool 海航HU7975， 5.7 15:15 到达",0,0,0,0,0,0,1,1,0,0,1
"A🍀豆妈🍁JESSICA🌸","@李静 几间房？多少钱？",0,0,0,0,0,0,1,1,0,0,1
"天善智能客服一号","最后1小时，特惠299！爬当当、爬豆瓣、爬糗百、爬淘宝、爬京东、爬腾讯～Python爬虫案例实战从零开始一站通！https://edu.hellobi.com/course/261
从零开始，即学即用，受益无穷！",0,0,0,0,0,0,1,1,0,0,0
"NoN","看到情侣出双入对，单声狗早已以泪洗面！","欢迎进入小可爱的朋友圈",0,0,0,11,0,1,1,0,0,1
"Mary丁",1,0,0,0,0,0,0,1,1,0,0,1
"王聪Peter","史上最粘人的狗，竟然是这个品种！","everything will be ok in the end,if it's not ok,it's not end",45,0,11,0,4,1,1,11,16,1
"miaoma","求明天到多伦多的carpool，一个人",0,0,0,0,0,0,1,1,0,0,1
"圆君","@秋秋🌟三宝妈 上次那个拖把链接没留，请问还有吗[害羞]谢谢🌹","既以为人，己愈有；既已与人，己愈多。",0,0,0,14,4,1,1,0,0,1
"寻觅","有人@我 谈什么恋爱，弹球才是正经事！","筑梦未来",0,0,0,4,0,1,1,0,0,1
"H♠️Q🔛飞天小女警","求个能帮忙搬家的人","Be a better me！<span class=""emoji emoji1f493""></span>",35,4,5,0,9,0,1,8,9,1
"苍木",1,"为了揾两餐",0,0,0,5,0,1,1,0,0,1
"小崔","求5月6日一个Niagara Fall沿线方向卡普。","Don’t let anyone poison your mind with toxic bullshit.",44,0,8,0,2,1,1,10,10,1
"Wilson",1,"每天都是新的开始。",0,0,0,8,1,1,1,0,0,1
"Bing（按揭.投资理财.保险）",1,0,0,0,0,0,0,1,1,0,0,0
"他么就是个逗比",1,0,0,0,0,0,0,1,1,0,0,1
"暗夜守护者","老板大气",0,0,0,0,0,0,1,1,0,0,1
"刚好遇见你",1,"哥的寂寞，就如一杯酒",0,0,0,9,1,1,1,0,0,1
"天天吃炸鸡",1,0,0,0,0,0,0,1,1,0,0,1
"Lidia","有肉吃了",0,0,0,0,0,0,1,1,0,0,1
"TimYu（加拿大注册移民顾问）","五月最新职位 (2018-04-30)","www.HireChinese.ca",16,0,0,0,2,1,1,3,3,1
"林乐","我每周收入8000元左右，就是靠这个自动进人系统，免费注册5分钟后，没有效果请拉黑我.光占个位置什么都不用做一个月都能拿好几千，排队就可以分钱比一般人打工上班收入还高呢，全力以赴运作几个月时间周收入过万点击免费注册自己的网站： http://www.ve678.cn/w332098/v2.html 

免费注册就成为我们的准会员，系统自动给你组建团队，开始排队赚钱，机会只留有准备的人

","花若盛开，蝴蝶自来",0,0,0,8,1,1,1,0,0,0
"几度秋","[有人@我]整个朋友圈都在玩&amp;lt;弹球王者&amp;gt;！主播们已经玩到停不下来！",0,0,0,0,0,0,1,1,0,0,0
"CarolMa马云","🎈🎈🎈今天是个好日子，4月30日， 欠 CRA 税 （income tax & HST)的同学们要在今天午夜12点之前把💵💵💵交了。",0,0,0,0,0,0,1,1,0,0,0
"新新","谁知道现在有什么夏令营活动吗",0,0,0,0,0,0,1,1,0,0,1
"wings🌸妍💎","@anna ～🇨🇦 没关系没关系，现在好些了吧。","最近有点儿忙",0,0,0,6,0,1,1,0,0,1
"Youling","请问马云","安省注册针灸师，按摩师，正骨师",0,0,0,13,2,1,1,0,0,0
"许装修砍树","@Matthew 持牌iccrc移民-法律顾问  这得是用脚做的活了吧 好索赔材料费结构检测维修的费用了吧 ",0,0,0,0,0,0,1,1,0,0,1
"aileen（李藹凝）房東🏡","2分钟步行到大学，干净明亮一室一厅独立厨房洗手間公寓出租，$650/ 月 
包水暖，包一车位，請联系Aileen,5198199811.",0,0,0,0,0,0,1,1,0,0,0
"阿来网赚博客（公众号+网站运营）","今日早报:5月1日，星期二，农历三月十六","互联网网赚，提供安全靠谱平台，微信公众号:趣淘米1号",0,1,0,22,3,0,1,1,1,0
"Sarah","@Kaisy 哦。谢谢！","Hiking, dancing and laughing...",24,0,3,0,4,1,1,4,4,1
"Sophie","@Cindy🍓臻程假期&私人旅游订制 沒有加號就是沒有了。","吃货，美食控！话痨，不靠谱！慎入！",0,0,0,12,5,1,1,0,0,1
0,"提供5月7日左右回国有偿带物","人生只有一次",0,0,0,6,0,1,1,0,0,0
"Eternally🎀🔝","@. 私信","我要强大到任何事情都无法破坏我内心平和",0,0,0,19,0,1,1,0,0,1
"芒果","求五月一号下午多伦多机场到温莎的carpool",0,0,0,0,0,0,1,1,0,0,1
"月牙儿","Rankin好房主卧五月转租，房间大采光好，带独立卫浴室，价格可商，仅限女生。步行十分钟可到温莎大学，近河边，有意者请联系我～","懒癌患者<span class=""emoji emoji1f437""></span>",24,4,2,4,8,0,1,4,5,0
"感恩生活","每单提成500元，工资日结现结！轻松日收入过千，月入过万。有手机，有网络即可，在家轻松赚钱，感兴趣的请速速联系我，可兼职可全职，免费注册了解详情:http://www.ve678.cn/w184786/v1.html",0,0,0,0,0,0,1,1,0,0,0
"GIN_宇文翾龘","求温莎五月一个月短租，近温莎大学 男生，谢谢","I said, I came,  I will conquer",22,0,7,0,2,1,1,5,7,1
"Ass311Apr409","打x应该是有的意思吧 ","天空多灰 我们亦放亮",0,0,1,9,0,1,1,0,0,1
"Angela","这个看起来不错👍","万事都互相效力，叫爱神的人得益处！",0,0,0,15,2,1,1,0,0,1
"Fiona","求一个1989到multi的来回carpool","好好学习",0,0,0,4,0,1,1,0,0,1
"龙龙龙龙龙龙","@Fiona ","写一封情书给你的话，我会用一生去写。而你，也请花一生去细读！",0,0,0,26,4,1,1,0,0,1
"金泰旅游群主","金泰国际旅游有限公司 TICO# 50019420
地址：14-30 West Beaver Creek Rd.
          Markham, Ontario, L4B 1G5
电话：647-930-0917，647-930-0918
email：info@kingtietravel.com

我们机票的付款方式如下：
1.EMT支付：您可以选择email transfer给我们 简单快捷  
email：kingtietravel@hotmail.com
2.现金支付 （需要您到店里支付） 
3.信用卡支付 （需要您到店里提供您的卡号和有效日期并签署信用卡授权书）","不乱于心，不困于情。不畏将来，不念过往。如此，安好。",0,0,0,20,6,1,1,0,0,0
"🌻","[胜利][胜利]",0,0,0,0,0,0,1,1,0,0,1
"🐷","求一个男式发箍[捂脸][捂脸] ","隐身",0,0,0,2,0,1,1,0,0,1
"徐涛",1,0,0,0,0,0,0,1,1,0,0,1
"远卓",1,0,0,0,0,0,0,1,1,0,0,1
"emmaw",1,"与地斗，其乐无穷！",0,0,0,7,2,1,1,0,0,1
"唐歌-Grace","谢谢🙏","开心的过着每一天！",0,0,0,8,1,1,1,0,0,1
"请叫我瘦子李","谢红包","人心是个无底洞 填不满也掏不空",0,0,1,14,0,1,1,0,0,1
"璀璨",1,0,0,0,0,0,0,1,1,0,0,1
"ShirleyYang",1,"这是怎么了？怎么这几年老是发生？愿你们过得都好！！！",0,0,0,21,5,1,1,0,0,1
"JoChan🌱",1,"周晨●司南",0,0,0,4,1,1,1,0,0,1
"王裔佳",1,0,0,0,0,0,0,1,1,0,0,1
"Ceci🎀",1,0,0,0,0,0,0,1,1,0,0,1
"给的多（Playhard）","@🐽 求一个男式发箍[捂脸][捂脸]   是紧箍咒 吗","大哥 大姐 给的多",0,0,2,7,0,1,1,0,0,1
"颜岚","@anna ～🇨🇦 是呀！是想买呢！[微笑]",0,0,0,0,0,0,1,1,0,0,1
"Anna",1,"人之所以会变得残忍，是因为他被残忍对待过。",0,0,0,19,2,1,1,0,0,1
"无语","多伦多Harbord / Spadina 独立屋二楼单间出租，5月到8月底，租金$600/月，租期灵活，即住。包水电、高速上网，合厨合厕，步行10分钟到多大。房间明亮，带简单家具。有意请联系电话：519-258-7772","逝如秋叶，静美无声",0,0,0,8,1,1,1,0,0,0
"IrisLiu-蕊","我也想要利仁牌的，有团购价吗[偷笑]",0,0,0,0,0,0,1,1,0,0,1
"金泰旅游客服","@金泰旅游😖小客服 @米拉拉🌸 @Tomas 旅游定制 机票查询 

问票定团，请 @ 我们上面的美丽帅气的的小客服们 

我们的一号群已满，如果加了一号群，请不要加二号群 谢谢 


五月 Ground Opening
敬请期待红包雨 🎉🎉 ",0,0,0,0,0,0,1,1,0,0,0
"金泰客服-米拉拉",1,0,0,0,0,0,0,1,1,0,0,0
"Sherry🌬","求个大学附近卡普",0,0,0,0,0,0,1,1,0,0,1
"A","请问护照copy那里是需要打印出来整个护照吗？谢谢","Ka Ca",4,0,1,0,0,1,1,2,2,1
"MariaSun维多利亚教育","【花旗银行Senior VP主讲】北美投资银行面试及用人原则，及“花旗银行大学生就业计划”招聘说明会，一年只有一次，订座从速！","此号已满，请加mariasunvic3，谢谢",11,1,0,8,2,1,1,1,1,0
"Lavender","请问一下 最近有人网申毕业工签吗 大概多久下来的？","Miracles happen every day<span class=""emoji emoji2728""></span>",45,4,5,0,8,0,1,8,9,1
"Fano",1,0,0,0,0,0,0,1,1,0,0,1
"徐碧城",1,0,0,0,0,0,0,1,1,0,0,1
"A💄Double🍷🍾",1,0,0,0,0,0,0,1,1,0,0,1
"jeffery","支持围剿机器人","平常心",0,0,0,3,0,1,1,0,0,1
"超人黄小胖","求小额加币","…",0,0,0,0,1,1,1,0,0,1
"Jane","啊哦以为大红包了",0,0,0,0,0,0,1,1,0,0,1
"Hellobilive","全网唯一的数据分析工作能力课程！一门真正帮你解决职场问题的课程！
100+课时内容，八大能力建设内容满满 https://edu.hellobi.com/course/272
最重要的是，品质服务助你解惑焕新！ 新限时特惠399元！早加入早享受服务，带着问题一起来吧","免费微课程助手，添加请备注事由。",0,0,0,14,2,1,1,0,0,0
"Green",1,0,0,0,0,0,0,1,1,0,0,1
"Eileen_jia","抢红包的是机器人，还是不抢红包的是机器人[Shocked]",0,0,0,0,0,0,1,1,0,0,1
"YL",1,0,0,0,0,0,0,1,1,0,0,1
"raindrop","谢谢",0,0,0,0,0,0,1,1,0,0,1
"Yuri","有 7/24-8/25 可以接两只猫寄养的吗","Insta：yuri_020",9,3,0,0,2,1,1,3,3,1
"Alina","没有红包了。。。","Have courage and be kind.",20,0,4,0,1,1,1,5,5,1
"patrick和仔","Ha ha..一个群里有20多个robot",0,0,0,0,0,0,1,1,0,0,1
"M.W",1,0,0,0,0,0,0,1,1,0,0,1
"YOnie汪汪汪🍁",1,"<span class=""emoji emoji2764""></span>️Keep the LOVing heart ",41,4,6,0,9,0,1,8,9,1
"carol",1,0,0,0,0,0,0,1,1,0,0,1
"徐婷",1,0,0,0,0,0,0,1,1,0,0,1
"sharon",1,"  ",0,0,2,0,0,1,1,0,0,1
"flp","谢谢",0,0,0,0,0,0,1,1,0,0,1
"龙场驿站",1,"知行合一",0,0,0,4,0,1,1,0,0,1
"金泰客服",1,0,0,0,0,0,0,1,1,0,0,0
"我就是我","谢谢！",0,0,0,0,0,0,1,1,0,0,1
"木槿花开",1,"宁静淡泊，人生如茶<span class=""emoji emoji1f375""></span>！",24,4,2,8,10,0,1,4,5,1
"jeff@Masterqun.com群大师","把群都加了们机器人。我明天告诉你 那些账号是机器人",0,0,0,0,0,0,1,1,0,0,1
"哈迪斯",1,0,0,0,0,0,0,1,1,0,0,1
"欧特斯",1,0,0,0,0,0,0,1,1,0,0,1
"爱吃米粉","五分还是一毛？","少壮不努力，老大怪水逆！",0,0,0,10,2,1,1,0,0,1
"🐝Candy🌹",1,0,0,0,0,0,0,1,1,0,0,1
"Bill-铁成",1,0,0,0,0,0,0,1,1,0,0,1
"Kaylee妈👧",1,"<span class=""emoji emoji2764""></span>️Mommy and Wifey<span class=""emoji emoji2764""></span>️",59,8,6,0,18,0,1,7,13,1
"✿Mikuku٭¨̮",1,"♛做人，简单就好。生活，宁静就好。",0,0,0,12,5,1,1,0,0,1
"愛娃(Ava)","[偷笑][偷笑]","善用EMT",3,0,0,2,0,1,1,1,1,1
"囗〇",1,"我每天都在笑，你猜我过的好不好",0,0,0,14,1,1,1,0,0,1
"ᕕ(ᐛ)ᕗ_(___)_so?","提供这周五从温莎去多伦多的carpool","一个白痴",0,0,0,4,0,1,1,0,0,0
"A💋加国barbara🍁","谢谢😜 ","代购加拿大各类物品，需要的微我，另招国内代理",0,0,0,20,2,0,1,0,0,0
"枫叶国之",1,0,0,0,0,0,0,1,1,0,0,1
"飛",1,"now",3,0,0,0,0,1,1,1,1,1
"ch",1,"你若安好 便是晴天",0,0,1,8,0,1,1,0,0,1
"贝塔","你这是炫富","不明真相的围观群众",0,0,0,9,0,1,1,0,0,1
"影视、舞台专业化妆",1,"如果时尚玩儿不好，宁愿朴实...",0,0,0,12,4,1,1,0,0,0
"一块锅包肉","你姐姐原来就是秦沧海么 @Kristen ","昨天太近 明天太远",0,0,1,8,0,1,1,0,0,1
"Lily米粒","早上好",0,0,0,0,0,0,1,1,0,0,1
"Stephanie"," 请问宝宝1岁6个月 要额外吃什么补钙吗","📍加拿大多伦多 ，爱生活爱家庭爱代购的小买手🌤",0,0,1,19,3,0,1,0,0,0
"家有四宝","请问如果是condo房客没发现漏水，或者发现晚了，造成的地板和楼下顶的损失，有谁来负责呢？","享受当下",0,0,0,4,0,1,1,0,0,1
"樱桃雪泡","求一辆5月3日下午机场回温莎大学附近的卡普，一个人无行李",0,0,0,0,0,0,1,1,0,0,1
"LindaLi(H.L.N.W.-6473306892)","为啥油价这么贵？－－因为自由党政府不让加拿大自己开采石油，而要千里迢迢的从沙特进口，让加拿大的油价被中东地区绑架。而自由党与利益集团勾结，从中疯狂谋取私利。目前的局面是民众支付高额油价，产油省份的人民面临高失业，自由党联邦政府和NDP省级政府强奸民意，一意孤行。这就是为什么保守党党魁AS在国会，阿省保守党党魁Jason Kenny大声呼吁支持Pipeline的原因。这些真相媒体不会说，学校不会教，希望大家能转发传播出去[抱拳][抱拳][胜利][胜利]","你相信有来生吗？我真的很相信，因为在那里能见到我亲爱的爸爸！",0,0,0,27,3,1,1,0,0,1
"lucyliao","租客合同到期可以不走是什么意思？ 之前不是提前二月通知房东renew，他就可以优先续租吗？除非房东发通知要装修，要自住，要卖房，租客必须搬走。现在这样都不行了吗？哪条规定了这一款？谢谢指教",0,0,0,0,0,0,1,1,0,0,1
"宏胜留学移民服务中心","🎷【重磅商业推广】
免雅思，免预科直录安省，bc省名校 不录取全额退款。办理学校靠谱！！！靠谱很重要！！！！移民持牌顾问！办理签证！疑难学签/Visa （长期没有上学OR成绩非常差）成功率99%，过签率高！快速办理工作签证已经介绍雇主移民挂靠一条龙服务！","公立大学，强势申请，不成功不收费！",0,0,0,14,3,1,1,0,0,0
"家🀄️有宝","@YanKee 明白了，谢谢🙏","享受当下",0,0,0,4,0,1,1,0,0,1
"Marshall💯理财顾问","@当上帝更过瘾 找寄养走路无路的Maki","Crius Financial",14,0,1,0,0,1,1,2,2,1
"Ashley飞天小猪侠","问个小问题，今天签lease合同，没有用standard lease的话，还有没有效？谢谢[抱拳]","雅思 思培导师 647-848-9925",0,10,2,6,2,1,0,3,3,0
"昕仔","求5月4号多伦多回温莎carpool，两个人两个行李箱",0,0,0,0,0,0,1,1,0,0,1
"玻璃心",1,"我的主求你引领我。",0,0,0,8,1,1,1,0,0,1
"SandraY",1,"宝宝大一点了，我的日子终于好过一点啦",0,0,0,17,1,1,1,0,0,1
"然儿","谢谢","愿岁月温柔相伴<span class=""emoji emoji1f3a1""></span>，美好如约而至🎠。",25,3,2,13,11,0,1,4,5,1
"天马行空","独立屋有一间房，社区里有游泳池，可以吗？@坏猫-Kelvin ","智者不谋名利，自然无失，仁者不近权贵，常处逍遥。",0,0,0,20,4,1,1,0,0,1
"坏猫-Kelvin","加我详聊[抱拳]@天马行空 ","加油！",0,0,0,2,1,1,1,0,0,1
"cici😘",1,"适合自己的，才是最好",0,0,0,9,1,1,1,0,0,1
"巧儿～",1,"Life is not a destination,but a journey (^_^)v",33,0,7,0,6,1,1,8,9,1
"CC💞","請問寶寶3個半月，好像一直吃不飽，一直要喝奶，以前兩個月時都可以睡整覺，現在半夜睡不了整覺，媽媽們知道原因嗎？我是全母乳餵養，是不是奶不濃呢？","愛....永不止息<span class=""emoji emoji2764""></span>️",23,4,2,5,13,0,1,4,5,1
"CharlieXu","hi 我是Charlie。来自多伦多。",0,0,0,0,0,0,1,1,0,0,1
"LilyLiang","这里有大些孩子的妈妈吗？像10-11岁的，暑假怎么安排，有没有summer camp可以一起参加？",0,0,0,0,0,0,1,1,0,0,1
"爱拼才会赢，人生能有几回拼","诚聘寿司吧师傅，待遇优（需要有一定的经验，能独立管理，安排，有福利（另招聘分店店长，寿司吧厨师长，待遇优有福利，（需要有流利的法语，欢迎留学生，工作满两年，公司可以担保雇主移民，名额有限！！！），联系电话：6133666718，6138793336（刘先生","方向不对，努力白费--人的一生最难的不是奋斗而是抉择",0,0,0,23,3,1,1,0,0,0
"👻Mica💜","求租5.27入住5.30离开共3晚的 两室的apt/house 。5个大人，1个小孩，需要至少两个大床。","人在做 天在看 好自为之",0,0,2,10,0,1,1,0,0,1
"AndySun艳阳天","欢迎新朋友[爱心][爱心][爱心]",0,0,0,0,0,0,1,1,0,0,1
"AgentDaisy","谢谢，我刚好行买机票，7月23日-8月13，北京-多伦多往返，大概多少钱？时间比较灵活，前后几天都可以。","AgentDaisy.com",13,0,0,0,1,1,1,2,2,1
"灰原","全世界聪明人都在玩的游戏，快来试试！","Yo！let's go ",8,0,2,0,2,1,1,4,4,0
"Cherish",1,"不念过去，不畏将来，且行且珍惜！",0,0,0,13,3,1,1,0,0,1
"Sofia💋💏♏️","孩子的帽子和袜子之类的，你们会买毛线织的吗
",0,0,0,0,0,0,1,1,0,0,1
"marsha","我还在等机票，不知道暑期开始后会不会有特价机票。",0,0,0,0,0,0,1,1,0,0,1
"WNHC","暑假特价票现在有惊现么？","理疗中心客服号，欢迎咨询各种问题以及预约. 详情咨询9056047976",0,10,1,23,2,1,0,1,1,0
"招财猫416-400-0539","[微笑]","恒通金融 财税规划 分红理财保险 养老资产传承规划 旅游保险等",0,0,4,27,0,0,1,0,0,0
"愛娃(Ava)~擅長活動",1,"善用EMT",3,0,0,2,0,1,1,1,1,1
"「BLACKCHOCOLATE」",1,"您的蛋糕魔法師(˙꒳​˙) 「試營業中」",0,0,1,11,8,1,1,0,0,0
"金泰客服Tomas旅游定制机票查询","Tree top trekking 现在很流行",0,0,0,0,0,0,1,1,0,0,0
"Serena","还有人拿来包饺子🥟","Live Simply. Laugh Lots.",19,0,3,0,2,1,1,4,4,1
"JaneFang","有什么菜呀？","太上贵德，其次务施报",0,0,0,9,1,1,1,0,0,1
"IamSam.","Hello 👋 ","Play, Eat, Fun. ",10,0,3,0,3,1,1,3,3,1
"TracyLin",1,0,0,0,0,0,0,1,1,0,0,1
"🍒王小静🍼💋","帽子可以毛线啊 袜子啥的就没必要了 孩子体热他们穿毛线的袜子会觉得很热","如果一个人连按时起床都做不到，那跟废物有什么区别！<span class=""emoji emoji1f4a6""></span><span class=""emoji emoji1f4a6""></span>",50,6,4,23,18,0,1,4,10,1
"Greta","放毒！","”犹大家所逃脱余剩的，仍要往下扎根，向上结果”（赛37:31）",0,4,0,20,7,1,1,2,2,1
"Yvonne","劲爆！一大波汪星人已成功进入太空！","种一棵只为自己盛开的小太阳",0,0,0,13,0,1,1,0,0,0
"终于18cm的大J","[有人@我]整个朋友圈都在玩&amp;lt;弹球王者&amp;gt;！主播们已经玩到停不下来！","尘土承受屈辱，却以鲜花来回报.",0,0,0,13,2,1,1,0,0,0
"yang这个号已满请加rhfruitvegi号",1,"加拿大诚招代理",0,0,0,7,0,0,1,0,0,0
"马珺卉-Emerald🐧","求在四号周五下午温莎去多伦多卡普，一个人","摇头晃脑不忘热泪盈眶。",0,0,0,10,1,1,1,0,0,1
"FadedGreen",1,0,0,0,0,0,0,1,1,0,0,1
"品味窗帘，家居装饰品。","@Anson 谢谢弟弟～","合作加拿大前十供应商。为您打造更温馨舒适的<span class=""emoji emoji1f3e0""></span>。",25,3,2,20,10,0,1,4,5,0
"👏呼朋引伴👏💝",1,"新年伊始，希望事事顺心如意。",0,0,0,12,2,1,1,0,0,1
":-)","求从740Rosedale到Walmart的车","(눈_눈）",0,0,0,2,3,1,1,0,0,1
"Hi","群主可以直接开一个微信群专门用于转发小游戏的，那些游戏貌似要转发到微信群才能获得奖励","朋友圈已关闭",0,0,0,6,0,1,1,0,0,1
"子了","有没有在奥莱附近的carpool","及时行乐",0,0,0,4,0,1,1,0,0,1
"Kiko","@all 求明天上午温莎出发多伦多的carpool，一人，谢谢",0,0,0,0,0,0,1,1,0,0,1
"奥利奥","劲爆！一大波汪星人已成功进入太空！",0,0,0,0,0,0,1,1,0,0,0
"🎃曾坚强😉",1,"Don't you worry about a thing.",23,0,5,0,2,1,1,7,7,1
"penny🌸","有人认识水电工嘛","还好有你",0,0,0,4,0,1,1,0,0,1
"荸荠","暖炉/空调 免费评估接龙：（评估完了的，我前面放朵🌹，是为了自己别弄重复了，木有别的含义😂）
🌹1. 静:(暖炉/热水炉）oakville （已定）
🌹2.小杨:(空调/暖炉/热水炉）oakville （已安装）
3.航：(暖炉/空调）Hamilton 
🌹4. 不懂:(暖炉/热水炉）Newmarket （已定）
🌹5. Lanya  （暖炉）
🌹6.nana （7年暖炉-不用换）
7.Grace (furnace &water tank) Mississauga
🌹8.Maggie X （暖炉/热水炉）Oakville（已定）
🌹9.王锐（暖炉），oakville （已定）
10. Shuyin (furnace) Richmond Hill
🌹11.往事如风：暖炉/tankless (oakville)(已定）
12.哲学：暧炉
13. Lei Wei：暖炉（Hamilton）
🌹14.安德 furnace (Oakville）
15.Echo Chen （ Burlington）
16.Julia Chen (Oakville）
🌹17.婧丫头麻麻（暖气）（Oakville）（已安装）
🌹18.Judy （新房）冷气（Mississauga)
🌹19.Apple 甯：暖炉空调 （Oakville）(5-19安装）已定
20.Haihong海虹 （Mississauga)
🌹21.天上所有的星 空调 Mississauga
🌹22. Henry Cai (暖炉/空调) Oakville
🌹23. Angela (暖炉/热水炉) Mississauga 
🌹24. Sandra (暖炉）（已定）Mississauga 
25.娟子华(暖炉)
26.太阳鸟  (热水炉与暖炉)
🌹（7年不用换）27.养眼 (暖炉2)
28.阿飞哥 （暖炉和热水炉）
29.ying (暖炉 Markham)
30.Yana(热水炉，暖炉，空调)Oakville
🌹31.如意（暖炉，Markham）(已定）
🌹32.霍东辉（7年暖炉-不用换）oakville 
🌹33.(service,7年新不用换）Paul w(暖炉:Scarborough 
34.Yuki （暖炉，热水炉：Richmond hill）
35.包包 暖炉，空调Mississauga
36. melissa 热水炉，暖炉，空调)Oakville
🌹37.Annie 热（暖炉，热水炉）mississauga
🌹38.文奎(暖炉)mississauga（已定）
🌹39.孙翔(暖炉，热水炉)世家堡
🌹40. 猪兔妈妈 ( 暖炉 热水炉) Mississauga 
41.winne( 暖炉/空调:Mississ
42.紫水晶(暖炉/空调)Mississauga 
43.快乐如风（暖炉/空调）Mississauga
🌹44.pearl:（暖炉/tankless)Mississauga (已定）
45.孙小兔 暖炉十热水炉
46.泉水叮咚。hamiltom 空调
47.Grace 暖炉/空调Mississauga
48.Mary 热水炉 Mississauga
49.Natalie Furnace & AC Mississauga
50. Becky Furnace & Water heater, Oakville ","走更远 要美丽",0,0,1,6,0,1,1,0,0,0
"您慈祥的阿爸","(*´▽｀*)有没有接奥莱的卡普呀","⸂⸂⸜(രᴗര๑)⸝⸃⸃我只是想练习摆脱话废",0,1,0,13,8,1,1,0,0,1
"鹿野","恭喜我张哥 哈哈哈@阿狗养只貓 ","It takes courage to be a pig",22,0,6,0,0,1,1,7,7,1
"阿狗养只貓","谢谢","明德不易，求索唯艰，余当锲而不舍。",0,0,0,14,3,1,1,0,0,1
"💕JenniferXing💕","Hey guys，Jennifer@ IT randstad I have an opening at a TOP Bank located in Toronto - C# developer paying 60-70/hr  谁感兴趣 or 有推荐请联系我 （推荐成功请吃饭）","send your CV to jennifer.xing@randstad.ca",34,0,4,0,3,1,1,8,8,1
"Jessica","@Iris, NetShaker, Founder 群主你好","子非鱼，安知鱼之乐也",0,0,0,9,1,1,1,0,0,1
"Ella惠（羽悦本草养生药包）","这种做法不对的，欺骗小孩",0,0,0,0,0,0,1,1,0,0,1
"RanChan","Anna，五一快乐!",0,0,0,0,0,0,1,1,0,0,1
"Patrick,SS&amp;C,Developer","@💞Jennifer Xing💞 有具体的jd么？",0,0,0,0,0,0,1,1,0,0,1
"Frank聪","不是叫你在复印件上签个字么",0,0,0,0,0,0,1,1,0,0,1
"草莓酱.","天气真的好","随性.",0,0,0,2,1,1,1,0,0,1
"Leefgelukkig","现在又可以搬家的卡普吗，普通的轿车就可以了","如果所有无心的错误都能被如此温柔相待，那将是怎样的一种美好。",0,0,0,28,2,1,1,0,0,1
"贺宇星",1,"Esta es la vida",12,0,3,0,0,1,1,4,4,1
"Jovial","@Sarah Gong Montreal这个pastry我去过，确实很棒，非常非常喜欢！","等待是一种美德。",0,0,0,7,1,1,1,0,0,1
"陈叶菁","@👻Mica💜 有房子出租","beautiful summer,green fields of the familar smell good",47,0,7,0,1,1,1,9,9,1
"一切都是好的","有人维修房屋或厂房铝片或者铝管吗？推荐有5-10%推荐费，电话联系许师傅437-983-2766，多谢推荐","感恩，积极生活",0,0,0,6,1,1,1,0,0,1
"Scar-L🤬Pharmaci$t.G🌗","昨天我们在路上看到一只浣熊","何以解忧 唯有暴富",0,0,1,8,0,1,1,0,0,1
"肥莹冷艳香","没别的，就问你扛不扛揍！","˙Ꙫ˙ ",0,0,1,1,2,1,1,0,0,1
"雲飛647-888-3181地产楼花建房","多伦多市区最最最便宜的新楼花-震撼超低价格38万起！！！首次置业者，仅需5%订金,然后按月供仅$1000/月，比交租还少。手上资金不多，但又想买房的朋友看过来。不但价格低，定金也少，投资自住两相宜。详情咨询楼花买卖专家雲飛647-888-3181。","楼花 二手 建房 买地 647-888-3181 微信：feyyun604 ",6,13,6,10,3,0,0,4,4,0
"nancy","@房东群村助 可以用在外面吗",0,0,0,0,0,0,1,1,0,0,1
"滨",1,0,0,0,0,0,0,1,1,0,0,1
"andy","@Kristen 我可以去",0,0,0,0,0,0,1,1,0,0,1
"Leon","支持群主 再发就踢出去","水清沙幼",0,0,0,4,0,1,1,0,0,1
"王3岁","确认过眼神，遇上对的人！","即便肮脏，余下的一生，我也需要这自尊心的如影相随。",0,0,0,22,3,1,1,0,0,1
"W","我之前去取指纹，那个人问我干啥的 我说是申请pr用的 然后就啥也没问了 ",0,0,0,0,0,0,1,1,0,0,1
"Lhils","看不懂",0,0,0,0,0,0,1,1,0,0,1
"Willow🐷","上厕所玩到腿发麻，比跳一跳过瘾10倍！","你在意什么，什么就会折磨你",0,0,0,12,1,1,1,0,0,1
"Z","打dota啊","我有一只最萌最可爱的小小酥^_^",0,0,0,13,3,1,1,0,0,1
"加拿大熊","@天际提拉米苏 现在咋不发红包了呀？","熊阜成＠Toronto",7,0,0,3,1,1,1,1,1,1
"心香一瓣","有没有打折豆浆机卖？","读书不苦，也不是那么快乐，但，不读书的人生那才是真苦。",0,0,0,23,4,1,1,0,0,1
"💋YLI💋","求群里有知道温莎涮串店地址吗？","<span class=""emoji emoji1f436""></span><span class=""emoji emoji1f495""></span><span class=""emoji emoji1f380""></span><span class=""emoji emoji1f338""></span>愿时光暂缓，许故人不散<span class=""emoji emoji1f338""></span><span class=""emoji emoji1f380""></span><span class=""emoji emoji1f495""></span><span class=""emoji emoji1f436""></span>",192,32,16,10,65,0,1,7,40,1
"小ྂ太ྂ阳ྂિ😂ી","Dota来","相爱本是陪伴，宠爱何须多言",0,0,0,12,1,1,1,0,0,1
"ukiyo。","@小ྂ太ྂ阳ྂિ😂ી 哈哈哈哈哈老师","有你也快活",0,0,0,5,0,1,1,0,0,1
"Downey",1,"我的愿望是世界和平",0,0,0,9,0,1,1,0,0,1
"lucy","什么时候再团空气炸锅?",0,0,0,0,0,0,1,1,0,0,1
"田山田","＊近圣克莱尔学院一层有房间招女生，短租长租均可，有意微信联系或电话2262604586＊","高尔夫",0,0,0,3,0,1,1,0,0,1
"🍍","求一个明天温莎去多伦多的carpool～",0,0,0,0,0,0,1,1,0,0,1
"T，lengendary","求一辆5月5号中午多伦多机场或者约克戴尔回温莎的carpool","everything 's nothing ，without you 。",28,0,5,0,3,1,1,5,5,1
"毛Mary",1,0,0,0,0,0,0,1,1,0,0,1
"Zyq","看到情侣出双入对，单声狗早已以泪洗面！","appreciate everything i have<span class=""emoji emoji2600""></span>️",48,4,5,0,9,0,1,8,9,1
"Apple🍏","@Kaisy 有没有女生的lego  年纪4岁左右的","简简单单 平平淡淡",0,0,1,8,0,1,1,0,0,1
"提供一天往返多伦多carpool",1,0,0,0,0,0,0,1,1,0,0,0
"Chujia","哇群里竟然有漫威死忠！！","It's a long hard fight, but I'll always live for tomorrow",44,0,10,0,3,1,1,13,13,1
"Steven","最近有人想一起结伴出去玩吗，多伦多伦敦都行","Just do your best",14,0,3,0,0,1,1,4,4,1
"_Mmy","群里有谁做家政服务吗 ","何来亏欠 我敢给就敢心碎",0,0,1,11,0,1,1,0,0,1
"书写人生","2018趣味劳动节！","未来的一切都是未知数，准备放好心态去微笑迎接",0,0,0,21,1,1,1,0,0,1
"肉饼家的Ww","求5.16下午多伦多机场回温莎的carpool，一个人两个行李箱。","X.J.",2,0,0,0,2,1,1,2,2,1
"KnightDog","找5月3号去底特律机场的carpool","Thank you～",8,0,1,0,1,1,1,2,2,1
"思思","5月20日单身狗抱团取暖逃离多伦多之旅！","God, give me some power",18,0,4,0,1,1,1,5,5,0
"櫻桃丸子🍒","热气球节 不是8月才举行吗 ","朋友圈是我的配图版日记",0,0,0,11,0,1,1,0,0,1
"阿兰"," 挖矿"," If you want something, go get it. Period.",31,0,8,0,3,1,1,8,8,1
"吴小金👼🏻","史上最粘人的狗，竟然是这个品种！","爱luna爱生活",4,0,0,4,0,1,1,1,1,0
"Myheartisdead","吴小金可以踢了","Worst ever",9,0,1,0,0,1,1,2,2,1
"威尔乐","听说是跟明星大侦探一样的那种？","理想今年你几岁。",0,0,0,7,1,1,1,0,0,1
"诗琦","谢谢啦！",0,0,0,0,0,0,1,1,0,0,1
"matuan","谢谢[微笑]。我还在孕期，但是希望可以和有经验的妈妈们多学习一些育儿的经验[愉快] ",0,0,0,0,0,0,1,1,0,0,1
"会心一笑","进群有免费费电影哦","宝贝是我最大的责任^_^",0,0,0,9,3,1,1,0,0,
"二马接送2267878509小型搬家",1,"微笑迎  微笑战  微笑胜
fengyouth. jeunesseglobal. com",26,0,7,9,2,1,1,3,3,1
"出发","今日新闻（5月1日）头条：市选的号角也吹响了","一呼一吸之间",0,0,0,6,0,1,1,0,0,1
"黄半仙","小鹅！！危险！！","Together we stand
Divide we fall",27,0,5,0,0,1,1,5,6,1
"yuyang𐂂","视频可以发吗？",0,0,0,0,0,0,1,1,0,0,1
"可以改名字了","相亲相爱，不如互相伤害！","!!！",0,0,0,0,3,1,1,0,0,1
"Jerry","吧                                        ","我到了",0,0,0,3,0,1,1,0,0,1
"qyn🦁","G112|在投行工作，再不学Excel VBA金融建模、数据分析，你就out了!(5月4日20：00前限时免费)","你就是我的快乐😈",0,0,0,7,1,1,1,0,0,1
"盐城🔥巨匠🔥微总站",1,0,0,0,0,0,0,1,1,0,0,1
"拿得起,放得下.","那得被偷用掉多少电?",0,0,0,0,0,0,1,1,0,0,1
"小铃铛🔔","无家可归！求兄弟收留！","幸福不在于和谁过，而在于我自己怎么过。",0,0,0,17,2,1,1,0,0,1
"末","超萌幼犬等你来收养，快快收留他们！","周末，是个有趣的日子",0,0,0,9,1,1,1,0,0,1
"Lina🍀啉啉","，❣@所有人，️吃货们又有福了，来自Halifax 的乔纳蟹jonah crab 开团啦🎉！！乔纳蟹jonah crab 属于面包蟹家族， 由于这种蟹政府规定不准捕母的，所以我们团购的乔纳蟹是公的。十磅装每箱，85刀/箱（每箱8-9只）, Halifax 冷藏车直运多伦多。上车时包活，下车时保鲜不包活。               🎉🎉增加一个活鲜大扇贝团购！！真的比你拳头还大的大大扇贝！一不小心会夹你的手哦,活鲜鲜活滴！ 尝鲜价$15/袋，每袋2磅！周四与螃蟹一起到货！周三截单，周四下午到货！
1.lin 扇贝1袋
2.玉子 扇贝 1袋，乔纳蟹半箱
3.梦瑶 扇贝 2袋
4.星 乔纳蟹半箱，扇贝1袋
5.BoBo妈 扇贝1袋
6.music world 乔纳蟹半箱
7.Lina 扇贝1袋，乔纳蟹半箱
8.","命里有时终须有， 命里无时莫强求！",0,0,1,14,2,1,1,0,0,0
"W.K.","@anna ～🇨🇦 早上好🌞，请问上次团的帽子🧢啥时候能到啊？","人生不过如此，且行且珍惜",0,0,0,11,1,1,1,0,0,1
"Rimifon","从前的从前，有一个书生，他住在一个平静的小山村里，他的气质儒雅，可是长得却十分丑陋。一天，书生在去学堂的路上，遇到了一个惊为天人的姑娘，一见倾心，后来，他发现这个姑娘是一个误入人间的仙子，他们相谈甚欢，于是他把她带回了家。不久，他们成了亲。有一天，他们一同去集市上散步，一群调皮的孩子过来指着书生说：“你们看这个人！他长得好丑啊！”仙子听了以后很疑惑，便问书生何为丑陋，书生听了很无奈，可面对仙子纯净的眼神，他也只能无奈说到：“丑陋就是像我这个样子” 不料，仙子听了却露齿一笑，“原来丑陋是相公的样子，那这一定是夸奖人用的”说罢，便拉着书生一同回了村子。日子一天一天过去，书生日渐衰老，眼见着脸上的皱纹一天比一天多，可仙子却还是那般如花般的容颜，丝毫不受岁月的影响。一天，书生对仙子说：“你走吧，我已经保护不了你了”可仙子却不肯，一直留在书生身边。有一天，书生不知因为何事，一夜未归。仙子很疑惑，可却也没有说什么。直到有一天，仙子听说书生是宿在了村中一个寡妇的家里。她很生气，便质问书生。书生答到：“我已经时日无多，只想留下一个子嗣。”原来，自从书生与仙子成亲后他们就一直没有圆房。于是仙子便问书生该怎样才能给他留下子嗣，书生告诉仙子，只要睡在一起就能有孩子，仙子便拉着书生去了内室，书生权衡再三，还是决定给自己留下一个孩子，于是脱了裤子，仙子看到了，突然睁大了眼睛，惊讶的指着书生的档，说：“相公！这个东西 ，，，， 我也有！”",0,0,0,0,0,0,1,1,0,0,1
99,"找一个5.5 下午多伦多机场回温莎的车","万千风景不如你。",0,0,0,7,1,1,1,0,0,1
"Felix康","请问温莎有修电脑的吗，电脑突然开不起来了","加油",0,0,0,2,0,1,1,0,0,1
"迈克尔•🍙","带双ID @W ","Work hard,play harder",18,0,2,0,1,1,1,4,4,1
"淡然","超萌幼犬等你来收养，快快收留他们！",0,0,0,0,0,0,1,1,0,0,0
"W。xh","超萌幼犬等你来收养，快快收留他们！","I am ready for you <span class=""emoji emoji1f495""></span>hxm",41,4,7,0,8,0,1,10,11,0
,1,"天道酬勤，人道酬善，商道酬信。",0,0,0,12,3,0,1,0,0,1
"金浩瓷砖批发零售9054755550","1⃣️等砖的质量，2⃣️等砖的价位。金浩瓷砖提供多种优质瓷砖，包含仿古砖、抛釉砖、马赛克等等，各种尺寸全面，另有折扣优惠，欢迎您的光临，地址 85 citizen court unit 14，Markham 电话 905 475 5550","地址 85 Citizen Court Unit14 Markham L6G1A8。",26,7,6,2,1,1,1,6,6,0
"我们不一样","有人@我 谈什么恋爱，弹球才是正经事！",0,0,0,0,0,0,1,1,0,0,0
"米奇Mike","刚看了群公告，请教一下，除了政府补助，自己需要掏多少银子？","你好",0,0,0,2,0,1,1,0,0,1
"爱好者","车库门装自动系统得多少钱？","爱好者",0,0,0,3,0,1,1,0,0,1
"小东icon","是啊","啤酒<span class=""emoji emoji1f37a""></span> 泡 橙子<span class=""emoji emoji1f34a""></span>",50,6,6,5,16,0,1,5,10,1
"Lee","求一个5.6 下午多伦多机场回温莎的车",0,0,0,0,0,0,1,1,0,0,1
"Belinda","@J-soap  免费评估还可以接龙不？我也报名一个[Salute]😄谢谢",0,0,0,0,0,0,1,1,0,0,1
"LeeLin","请问有早上九点左合从多伦多机场回温沙的车吗？",0,0,0,0,0,0,1,1,0,0,0
"呆小宅","看到情侣出双入对，单声狗早已以泪洗面！","最好也是最坏的时代",0,0,0,9,0,1,1,0,0,1
"SeanYu","前屋主用过了就不能再申请了对吗",0,0,0,0,0,0,1,1,0,0,1
"李聪😶😶","有出小镇考位的么","forever  leiya",12,0,2,0,0,1,1,2,2,1
"Bradford-星辰","单反，中国大爷最后的倔强","如果你有一个梦想，就去捍卫它。",0,0,0,13,2,1,1,0,0,0
"Yoyo","@J-soap  请看私信",0,0,0,0,0,0,1,1,0,0,1
"Lisa(CozyInnB&amp;B)","群里有做贷款的人吗？",0,0,0,0,0,0,1,1,0,0,1
"米拉拉🌸","@anna ～🇨🇦 粉色的有吗",0,0,0,0,0,0,1,1,0,0,1
"meggie","房东网 - 服务圈 - 房屋贷款","qn",2,0,0,0,0,1,1,1,1,0
"Helen",1,0,0,0,0,0,0,1,1,0,0,1
"YAN🐟","寻5月5日底特律卡普2人",0,0,0,0,0,0,1,1,0,0,1
"Prince🤴🏻","求近期G2考位","What I get is what I chose and what I deserve",35,0,10,0,0,1,1,8,11,1
"Jay@StateFarm","车险房险租客险要估价找我[机智]","No one gives a fuck.",15,0,4,0,1,1,1,5,5,0
"DIP0413","@Aaron晖 请问一下 dip了快一个月了还没approve 正常嘛[捂脸][捂脸][捂脸]",0,0,0,0,0,0,1,1,0,0,1
"MONITA","一大波萌犬正在向你逼近！","own it，live it，love it",17,0,3,0,2,1,1,4,6,0
"Jasmine","麻烦帮找下6月29号从卡尔加里出发，飞多伦多的往返机票，谢谢@金泰旅游群主 ",0,0,0,0,0,0,1,1,0,0,1
"金泰旅游Tomas","好的 稍等一下@Jasmine 您是要几号回来呢",0,0,0,0,0,0,1,1,0,0,1
"JP🙋","提供5月8号早上5点多伦多出发到温莎的carpool可带行李，两个位置SUV。                   提供5月9号中午出发温莎回多伦多的 carpool三个位置可带行李SUV                  ","作为人，修养很重要",0,0,0,8,1,1,1,0,0,0
"Welles","@Aaron晖 请问下如果父母不申请移民 那填imm0008时 算不算家庭总数呢",0,0,0,0,0,0,1,1,0,0,1
"💓💨littleshrimp.","大家都是paper file吗","










<span class=""emoji emoji1f64c""></span>🏻豆大小姐",25,3,13,4,9,0,1,4,5,1
"武岳","几人本","多伦多小助手",0,0,0,6,0,1,1,0,0,0
"飞驰旅游:2147285750Esmee李琼","飞驰旅游（Friesian Travel): 是一家专业化的旅游公司，专门服务于海内外游客，华人华侨，秉承提供优质服务的理念，服务于客户的各种需求。公司业务范围覆盖全球各地，主要业务范围包括：1）销售全球各地区国际及国内机票。2）全球各地区的旅游团：散客拼团，小包团，特殊定制（亚洲，欧洲，北美洲，南美洲，等等）3）覆盖全球各地区不同线路的长短途游轮，包括不限于：美国，加拿大，墨西哥，巴哈马，巴拿马运河，加勒比海，夏威夷，阿拉斯加，百慕大，南美洲，南极，欧洲，地中海，亚洲，澳大利亚，和新西兰等全球各地的游轮游。4）西方国家客人去中国旅游，特殊定制。5）因公，因私商务考察。6）学生留学服务。7）其他咨询服务。联系方式：Esmee（双语：中文，英语）214-7285750","Stay hungry, stay foolish",21,0,3,0,1,1,1,4,4,0
"水手","[抱拳][抱拳][抱拳]",0,0,0,0,0,0,1,1,0,0,1
"Welles(sub0206-app0423)","@Sub202-Ass228-Dip323-Apr 327 明白了 谢谢哦",0,0,0,0,0,0,1,1,0,0,1
"Jessi","东航往返福州，广州，北京，沈阳特价$750起",0,0,0,0,0,0,1,1,0,0,0
"qqq","求一辆carpool","！",0,0,0,0,1,1,1,0,0,1
"小偲。","提供3点左右去dmall卡普","不让你走。<span class=""emoji emoji1f622""></span>",24,4,2,4,9,0,1,4,5,0
"Ciel🐳",1,"呼神护卫",0,0,0,4,0,1,1,0,0,1
"Gordonlulu🎒🎒🌼🌼","提供5月四号去多伦多的carpool ","<span class=""emoji emoji2764""></span>️猪猪佩奇<span class=""emoji emoji1f437""></span>",47,8,4,4,17,0,1,5,10,0
"Vivian北美聚点","实拍：一日花海，最美的花海就在身边！纽约一日看尽郁金香，桃花，樱花，苹果梨花！",0,0,0,0,0,0,1,1,0,0,0
